;              
CREATE USER IF NOT EXISTS USER SALT 'b64acaec6c7db0f8' HASH 'e8403bc22abd85145d345380cd00cb43f8c61e39277786f662cf447ed555da03' ADMIN;          
CREATE SEQUENCE PUBLIC.SYSTEM_SEQUENCE_D115B42E_37F1_4243_9D2C_AA6117AE60C0 START WITH 55 BELONGS_TO_TABLE;    
CREATE SEQUENCE PUBLIC.SYSTEM_SEQUENCE_23A0BA9D_803C_4A84_89BD_EA8F6B8DE7D8 START WITH 138 BELONGS_TO_TABLE;   
CREATE SEQUENCE PUBLIC.SYSTEM_SEQUENCE_A0B678AC_73D2_4C0F_B14B_E8E16F1AA448 START WITH 67 BELONGS_TO_TABLE;    
CREATE SEQUENCE PUBLIC.SYSTEM_SEQUENCE_25BAD5F1_2256_4299_8CCF_4BF03966FEE6 START WITH 59 BELONGS_TO_TABLE;    
CREATE SEQUENCE PUBLIC.SYSTEM_SEQUENCE_1FCC4112_17DF_4F70_BB3A_85FF06976C0E START WITH 42 BELONGS_TO_TABLE;    
CREATE SEQUENCE PUBLIC.SYSTEM_SEQUENCE_978BCEE7_4FE1_4449_81B9_62D830357CDD START WITH 47 BELONGS_TO_TABLE;    
CREATE CACHED TABLE PUBLIC.USER(
    ID INT NOT NULL,
    CHAT_ID BIGINT
);    
ALTER TABLE PUBLIC.USER ADD CONSTRAINT PUBLIC.CONSTRAINT_2 PRIMARY KEY(ID);    
-- 0 +/- SELECT COUNT(*) FROM PUBLIC.USER;     
CREATE CACHED TABLE PUBLIC.COMMAND(
    ID INT DEFAULT (NEXT VALUE FOR PUBLIC.SYSTEM_SEQUENCE_D115B42E_37F1_4243_9D2C_AA6117AE60C0) NOT NULL NULL_TO_DEFAULT SEQUENCE PUBLIC.SYSTEM_SEQUENCE_D115B42E_37F1_4243_9D2C_AA6117AE60C0,
    COMMAND_TYPE_ID INT,
    MESSAGE_ID INT
);              
ALTER TABLE PUBLIC.COMMAND ADD CONSTRAINT PUBLIC.CONSTRAINT_6 PRIMARY KEY(ID); 
-- 25 +/- SELECT COUNT(*) FROM PUBLIC.COMMAND; 
INSERT INTO PUBLIC.COMMAND(ID, COMMAND_TYPE_ID, MESSAGE_ID) VALUES
(1, 1, 1),
(2, 27, 0),
(3, 28, 0),
(4, 1, 15),
(5, 1, 16),
(6, 1, 18),
(7, 1, 19),
(8, 1, 20),
(9, 1, 22),
(10, 1, 23),
(11, 1, 24),
(12, 1, 25),
(13, 1, 26),
(14, 1, 27),
(15, 1, 28),
(16, 1, 29),
(17, 1, 30),
(18, 1, 32),
(19, 2, 32),
(20, 1, 33),
(21, 2, 33),
(22, 1, 34),
(23, 1, 35),
(24, 2, 35),
(25, 1, 36);  
CREATE CACHED TABLE PUBLIC.BUTTON(
    ID INT DEFAULT (NEXT VALUE FOR PUBLIC.SYSTEM_SEQUENCE_25BAD5F1_2256_4299_8CCF_4BF03966FEE6) NOT NULL NULL_TO_DEFAULT SEQUENCE PUBLIC.SYSTEM_SEQUENCE_25BAD5F1_2256_4299_8CCF_4BF03966FEE6,
    TEXT TEXT,
    COMMAND_ID INT,
    URL TEXT,
    REQUEST_CONTACT BOOLEAN,
    BOT_ID INT
);              
ALTER TABLE PUBLIC.BUTTON ADD CONSTRAINT PUBLIC.CONSTRAINT_7 PRIMARY KEY(ID);  
-- 20 +/- SELECT COUNT(*) FROM PUBLIC.BUTTON;  
INSERT INTO PUBLIC.BUTTON(ID, TEXT, COMMAND_ID, URL, REQUEST_CONTACT, BOT_ID) VALUES
(1, '/start', 1, NULL, FALSE, 0),
(2, STRINGDECODE('\u041c\u043e\u0438 \u0431\u043e\u0442\u044b'), 2, NULL, FALSE, 0),
(3, STRINGDECODE('\u0414\u043e\u0431\u0430\u0432\u0438\u0442\u044c \u0431\u043e\u0442\u0430'), 3, NULL, FALSE, 0),
(4, STRINGDECODE('\u0414\u043e\u0431\u0430\u0432\u0438\u0442\u044c \u043a\u043d\u043e\u043f\u043a\u0443'), 0, NULL, FALSE, 0),
(5, STRINGDECODE('\u041f\u043e\u043c\u0435\u043d\u044f\u0442\u044c \u043c\u0435\u0441\u0442\u0430\u043c\u0438'), 0, NULL, FALSE, 0),
(6, STRINGDECODE('\u0418\u0437\u043c\u0435\u043d\u0438\u0442\u044c'), 0, NULL, FALSE, 0),
(7, STRINGDECODE('\u0411\u0435\u0437 \u0444\u043e\u0442\u043e'), 0, NULL, FALSE, 0),
(10, STRINGDECODE('\u0414\u0430'), 0, NULL, FALSE, 0),
(11, STRINGDECODE('\u041d\u0435\u0442'), 0, NULL, FALSE, 0),
(19, 'Test button', 15, NULL, FALSE, 0),
(20, 'Test', 16, NULL, FALSE, 4),
(21, 'Button 2', 17, NULL, FALSE, 4),
(22, '/start', 18, NULL, FALSE, 8),
(23, 'Change start', 19, NULL, FALSE, 0),
(24, '/start', 20, NULL, FALSE, 9),
(25, 'Change start', 21, NULL, FALSE, 0),
(26, 'Admin', 22, NULL, FALSE, 9),
(27, '/start', 23, NULL, FALSE, 10),
(28, 'Change start', 24, NULL, FALSE, 10),
(29, 'Admin', 25, NULL, FALSE, 10);      
CREATE CACHED TABLE PUBLIC.KEYBOARD(
    ID INT DEFAULT (NEXT VALUE FOR PUBLIC.SYSTEM_SEQUENCE_978BCEE7_4FE1_4449_81B9_62D830357CDD) NOT NULL NULL_TO_DEFAULT SEQUENCE PUBLIC.SYSTEM_SEQUENCE_978BCEE7_4FE1_4449_81B9_62D830357CDD,
    BUTTON_IDS TEXT,
    INLINE BOOLEAN,
    COMMENT TEXT
);               
ALTER TABLE PUBLIC.KEYBOARD ADD CONSTRAINT PUBLIC.CONSTRAINT_4 PRIMARY KEY(ID);
-- 10 +/- SELECT COUNT(*) FROM PUBLIC.KEYBOARD;
INSERT INTO PUBLIC.KEYBOARD(ID, BUTTON_IDS, INLINE, COMMENT) VALUES
(1, '2', FALSE, 'main'),
(2, '3', FALSE, 'my bots'),
(3, '7', TRUE, 'no photo'),
(5, '10,11', TRUE, 'yes no'),
(10, '20,21', FALSE, 'main4'),
(11, '0', FALSE, 'main5'),
(12, '0', FALSE, 'main6'),
(13, '23', FALSE, 'admin8'),
(14, '23', FALSE, 'admin9'),
(15, '28', FALSE, 'admin10');
CREATE CACHED TABLE PUBLIC.MEMBER(
    ID INT DEFAULT (NEXT VALUE FOR PUBLIC.SYSTEM_SEQUENCE_23A0BA9D_803C_4A84_89BD_EA8F6B8DE7D8) NOT NULL NULL_TO_DEFAULT SEQUENCE PUBLIC.SYSTEM_SEQUENCE_23A0BA9D_803C_4A84_89BD_EA8F6B8DE7D8,
    USER_ID BIGINT,
    CHAT_ID BIGINT,
    NAVIKI TEXT,
    NISHA TEXT,
    USER_NAME TEXT,
    COMPANY_NAME TEXT,
    CONTACT TEXT,
    FIO TEXT,
    FIRST_NAME TEXT,
    LAST_NAME TEXT,
    PHONE_NUMBER TEXT
);        
ALTER TABLE PUBLIC.MEMBER ADD CONSTRAINT PUBLIC.CONSTRAINT_8 PRIMARY KEY(ID);  
-- 0 +/- SELECT COUNT(*) FROM PUBLIC.MEMBER;   
CREATE CACHED TABLE PUBLIC.MESSAGE(
    ID INT DEFAULT (NEXT VALUE FOR PUBLIC.SYSTEM_SEQUENCE_A0B678AC_73D2_4C0F_B14B_E8E16F1AA448) NOT NULL NULL_TO_DEFAULT SEQUENCE PUBLIC.SYSTEM_SEQUENCE_A0B678AC_73D2_4C0F_B14B_E8E16F1AA448,
    TEXT TEXT,
    PHOTO TEXT,
    KEYBOARD_ID INT
);       
ALTER TABLE PUBLIC.MESSAGE ADD CONSTRAINT PUBLIC.CONSTRAINT_63 PRIMARY KEY(ID);
-- 36 +/- SELECT COUNT(*) FROM PUBLIC.MESSAGE; 
INSERT INTO PUBLIC.MESSAGE(ID, TEXT, PHOTO, KEYBOARD_ID) VALUES
(1, STRINGDECODE('\u0413\u043b\u0430\u0432\u043d\u043e\u0435 \u043c\u0435\u043d\u044e'), NULL, 1),
(2, STRINGDECODE('\u0423 \u0432\u0430\u0441 \u043d\u0435\u0442 \u0431\u043e\u0442\u043e\u0432'), NULL, 2),
(3, STRINGDECODE('\u041d\u0430\u043f\u0438\u0448\u0438\u0442\u0435 \u0438\u043c\u044f \u0431\u043e\u0442\u0430'), NULL, 0),
(4, STRINGDECODE('\u041e\u0442\u043f\u0440\u0430\u0432\u044c\u0442\u0435 \u043f\u043e\u0436\u0430\u043b\u0443\u0439\u0441\u0442\u0430 \u0442\u043e\u043a\u0435\u043d \u0431\u043e\u0442\u0430'), NULL, 0),
(5, STRINGDECODE('\u0412\u0430\u0448 \u0431\u043e\u0442 \u0432\u043a\u043b\u044e\u0447\u0435\u043d'), NULL, 0),
(6, STRINGDECODE('\u0427\u0442\u043e \u0442\u043e \u043f\u043e\u0448\u043b\u043e \u043d\u0435 \u0442\u0430\u043a, \u043f\u043e\u043f\u0440\u043e\u0431\u0443\u0439\u0442\u0435 \u0435\u0449\u0435 \u0440\u0430\u0437, \u043e\u0442\u043f\u0440\u0430\u0432\u044c\u0442\u0435 \u043f\u043e\u0436\u0430\u043b\u0443\u0439\u0441\u0442\u0430 \u0442\u043e\u043a\u0435\u043d'), NULL, 0),
(7, STRINGDECODE('\u041a\u043e\u043c\u0430\u043d\u0434\u0430 \u043d\u0435 \u0440\u0430\u0441\u043f\u043e\u0437\u043d\u0430\u043d\u043e, \u0438\u043b\u0438 \u043d\u0435 \u0443\u0434\u0430\u043b\u043e\u0441\u044c \u043e\u0431\u0440\u0430\u0431\u043e\u0442\u0430\u0442\u044c \u0438\u043d\u0444\u043e\u0440\u043c\u0430\u0446\u0438\u044e'), NULL, 1),
(8, STRINGDECODE('\u0412\u044b\u0431\u0435\u0440\u0438\u0442\u0435 \u0431\u043e\u0442\u0430'), NULL, 0),
(9, STRINGDECODE('\u0412\u044b\u0431\u0435\u0440\u0438\u0442\u0435 \u0434\u0435\u0439\u0441\u0442\u0432\u0438\u0435'), NULL, 0),
(10, STRINGDECODE('\u0427\u0442\u043e \u0442\u043e \u043f\u043e\u0448\u043b\u043e \u043d\u0435 \u0442\u0430\u043a, \u043f\u043e\u043f\u0440\u043e\u0431\u0443\u0439 \u0435\u0449\u0435 \u0440\u0430\u0437 \u0432\u044b\u0431\u0440\u0430\u0442\u044c \u0431\u043e\u0442\u0430'), NULL, 0),
(11, STRINGDECODE('\u0412\u0432\u0435\u0434\u0438\u0442\u0435 \u043d\u0430\u0437\u0432\u0430\u043d\u0438\u0435'), NULL, 0),
(12, STRINGDECODE('\u0412\u044b\u0431\u0435\u0440\u0438\u0442\u0435 \u0442\u0438\u043f'), NULL, 0),
(13, STRINGDECODE('\u0412\u0432\u0435\u0434\u0438\u0442\u0435 \u0441\u043e\u043e\u0431\u0449\u0435\u043d\u0438\u0435'), NULL, 0),
(14, STRINGDECODE('\u041e\u0442\u043f\u0440\u0430\u0432\u044c\u0442\u0435 \u0444\u043e\u0442\u043e'), NULL, 3),
(16, STRINGDECODE('\u0422\u0435\u0441\u0442\u043e\u0432\u043e\u0435 \u0441\u043e\u043e\u0431\u0449\u0435\u043d\u0438\u0435'), NULL, 0),
(17, 'is new row?', NULL, 5),
(18, STRINGDECODE('\u0442\u0435\u0441\u0442\u043e\u0432\u043e\u0435 \u0441\u043e\u043e\u0431\u0449\u0435\u043d\u0438\u0435'), NULL, 0),
(19, STRINGDECODE('\u0441\u043e\u043e\u0431\u0449 1124'), NULL, 0),
(20, STRINGDECODE('\u0441\u043e\u043e\u0431\u0449 1129'), NULL, 4),
(21, STRINGDECODE('\u0423 \u0432\u0430\u0441 \u0435\u0449\u0435 \u043d\u0435\u0442 \u043a\u043d\u043e\u043f\u043e\u043a, \u0438\u0434\u0438\u0442\u0435 \u0432 @q_mother_bot \u0438 \u043d\u0430\u0441\u0442\u0440\u043e\u0439\u0442\u0435 \u0441\u0435\u0431\u0435 \u0431\u043e\u0442\u0430'), NULL, 0),
(22, STRINGDECODE('\u0421\u043a\u043e\u0440\u043e \u0441\u043e\u0431\u0440\u0430\u043d\u0438\u0435'), NULL, 6),
(23, STRINGDECODE('\u0418\u043b\u0438 \u0430\u043b'), NULL, 6),
(24, STRINGDECODE('\u0412\u0442\u043e\u0440\u043e\u0435 \u0441\u0442\u0430\u0440\u0442'), NULL, 0),
(25, 'Test message', NULL, 7),
(26, 'Test message', NULL, 7),
(27, 'Test message', NULL, 8),
(28, 'Test message', NULL, 9),
(29, 'Mresf', NULL, 10),
(30, '666877', NULL, 10),
(31, STRINGDECODE('\u0418\u0437\u043c\u0435\u043d\u0438\u0442\u0435 \u044d\u0442\u0443 \u0438\u043d\u0444\u043e\u0440\u043c\u0430\u0446\u0438\u044e \u0432 \u0430\u0434\u043c\u0438\u043d\u043a\u0435'), NULL, 0),
(32, STRINGDECODE('\u0418\u0437\u043c\u0435\u043d\u0438\u0442\u0435 \u044d\u0442\u0443 \u0438\u043d\u0444\u043e\u0440\u043c\u0430\u0446\u0438\u044e \u0432 \u0430\u0434\u043c\u0438\u043d\u043a\u0435'), NULL, 0),
(33, STRINGDECODE('\u0418\u0437\u043c\u0435\u043d\u0438\u0442\u0435 \u044d\u0442\u0443 \u0438\u043d\u0444\u043e\u0440\u043c\u0430\u0446\u0438\u044e \u0432 \u0430\u0434\u043c\u0438\u043d\u043a\u0435'), NULL, 0);        
INSERT INTO PUBLIC.MESSAGE(ID, TEXT, PHOTO, KEYBOARD_ID) VALUES
(34, 'Admin mode', NULL, 14),
(35, STRINGDECODE('\u0418\u0437\u043c\u0435\u043d\u0438\u0442\u0435 \u044d\u0442\u0443 \u0438\u043d\u0444\u043e\u0440\u043c\u0430\u0446\u0438\u044e \u0432 \u0430\u0434\u043c\u0438\u043d\u043a\u0435'), NULL, 0),
(36, 'Admin mode', NULL, 15),
(15, STRINGDECODE('\u0418\u0437\u043c\u0435\u043d\u0435\u043d\u0438\u044f \u0441\u043e\u0445\u0440\u0430\u043d\u0435\u043d\u044b'), NULL, 0);   
CREATE CACHED TABLE PUBLIC.BOTS(
    ID INT DEFAULT (NEXT VALUE FOR PUBLIC.SYSTEM_SEQUENCE_1FCC4112_17DF_4F70_BB3A_85FF06976C0E) NOT NULL NULL_TO_DEFAULT SEQUENCE PUBLIC.SYSTEM_SEQUENCE_1FCC4112_17DF_4F70_BB3A_85FF06976C0E,
    NAME TEXT,
    TOKEN TEXT,
    OWNER_CHAT_ID BIGINT
);     
ALTER TABLE PUBLIC.BOTS ADD CONSTRAINT PUBLIC.CONSTRAINT_1 PRIMARY KEY(ID);    
-- 1 +/- SELECT COUNT(*) FROM PUBLIC.BOTS;     
INSERT INTO PUBLIC.BOTS(ID, NAME, TOKEN, OWNER_CHAT_ID) VALUES
(10, 'With admin', '361017610:AAHBOJ4cSSNVNIjJhT3PwrzjRQygOt2AIIc', 271036459); 
