;              
CREATE USER IF NOT EXISTS USER SALT '753fb7a10cb3f6d1' HASH '5b04ace179d6883dd13f34a697616ea52b9ba97367e44c6459b12f84f56bd533' ADMIN;          
CREATE SEQUENCE PUBLIC.SYSTEM_SEQUENCE_D115B42E_37F1_4243_9D2C_AA6117AE60C0 START WITH 173 BELONGS_TO_TABLE;   
CREATE SEQUENCE PUBLIC.SYSTEM_SEQUENCE_23A0BA9D_803C_4A84_89BD_EA8F6B8DE7D8 START WITH 138 BELONGS_TO_TABLE;   
CREATE SEQUENCE PUBLIC.SYSTEM_SEQUENCE_99BD8E11_DE08_4577_9EFE_734F9843FCC6 START WITH 2 BELONGS_TO_TABLE;     
CREATE SEQUENCE PUBLIC.SYSTEM_SEQUENCE_A0B678AC_73D2_4C0F_B14B_E8E16F1AA448 START WITH 177 BELONGS_TO_TABLE;   
CREATE SEQUENCE PUBLIC.SYSTEM_SEQUENCE_25BAD5F1_2256_4299_8CCF_4BF03966FEE6 START WITH 181 BELONGS_TO_TABLE;   
CREATE SEQUENCE PUBLIC.SYSTEM_SEQUENCE_1FCC4112_17DF_4F70_BB3A_85FF06976C0E START WITH 109 BELONGS_TO_TABLE;   
CREATE SEQUENCE PUBLIC.SYSTEM_SEQUENCE_1C31A6AA_3A65_4431_9865_4B5B0CF373C9 START WITH 36 BELONGS_TO_TABLE;    
CREATE SEQUENCE PUBLIC.SYSTEM_SEQUENCE_978BCEE7_4FE1_4449_81B9_62D830357CDD START WITH 155 BELONGS_TO_TABLE;   
CREATE CACHED TABLE PUBLIC.USER(
    ID INT NOT NULL,
    CHAT_ID BIGINT
);    
ALTER TABLE PUBLIC.USER ADD CONSTRAINT PUBLIC.CONSTRAINT_2 PRIMARY KEY(ID);    
-- 0 +/- SELECT COUNT(*) FROM PUBLIC.USER;     
CREATE CACHED TABLE PUBLIC.COMMAND(
    ID INT DEFAULT (NEXT VALUE FOR PUBLIC.SYSTEM_SEQUENCE_D115B42E_37F1_4243_9D2C_AA6117AE60C0) NOT NULL NULL_TO_DEFAULT SEQUENCE PUBLIC.SYSTEM_SEQUENCE_D115B42E_37F1_4243_9D2C_AA6117AE60C0,
    COMMAND_TYPE_ID INT,
    MESSAGE_ID INT
);              
ALTER TABLE PUBLIC.COMMAND ADD CONSTRAINT PUBLIC.CONSTRAINT_6 PRIMARY KEY(ID); 
-- 97 +/- SELECT COUNT(*) FROM PUBLIC.COMMAND; 
INSERT INTO PUBLIC.COMMAND(ID, COMMAND_TYPE_ID, MESSAGE_ID) VALUES
(1, 1, 1),
(2, 27, 0),
(3, 28, 0),
(4, 1, 15),
(5, 1, 16),
(6, 1, 18),
(7, 1, 19),
(8, 1, 20),
(9, 1, 22),
(10, 1, 23),
(11, 1, 24),
(12, 1, 25),
(13, 1, 26),
(14, 1, 27),
(15, 1, 18),
(16, 1, 29),
(17, 1, 30),
(18, 1, 32),
(19, 2, 32),
(20, 1, 33),
(21, 2, 33),
(22, 1, 34),
(23, 1, 35),
(24, 2, 35),
(25, 1, 36),
(26, 1, 37),
(27, 2, 37),
(28, 1, 38),
(29, 2, 38),
(30, 1, 39),
(31, 2, 39),
(32, 1, 40),
(33, 2, 40),
(34, 1, 41),
(35, 1, 42),
(36, 2, 42),
(64, 1, 72),
(65, 2, 72),
(66, 1, 73),
(67, 2, 73),
(68, 1, 74),
(69, 2, 74),
(70, 1, 75),
(71, 2, 75),
(96, 1, 104),
(97, 2, 104),
(98, 1, 105),
(99, 1, 106),
(100, 2, 106),
(101, 1, 107),
(102, 2, 107),
(103, 1, 108),
(104, 2, 108),
(105, 1, 109),
(106, 2, 109),
(107, 1, 110),
(108, 2, 110),
(128, 1, 136),
(129, 2, 136),
(130, 1, 137),
(131, 1, 138),
(132, 2, 138),
(133, 1, 139),
(134, 2, 139),
(135, 1, 140),
(136, 2, 140),
(137, 1, 141),
(138, 2, 141),
(139, 1, 142),
(140, 2, 142),
(141, 1, 143),
(142, 2, 143),
(143, 1, 144),
(144, 2, 144),
(145, 1, 145),
(146, 1, 146),
(147, 2, 146),
(148, 1, 147),
(149, 2, 147),
(150, 1, 148),
(151, 1, 149),
(152, 2, 149),
(153, 1, 150),
(154, 2, 150),
(160, 1, 169),
(161, 2, 169),
(162, 1, 170),
(163, 1, 171),
(164, 2, 171),
(165, 1, 172),
(166, 2, 172),
(167, 1, 173),
(168, 1, 174),
(169, 2, 174),
(170, 1, 175),
(171, 2, 175),
(172, 1, 176);    
CREATE CACHED TABLE PUBLIC.BUTTON(
    ID INT DEFAULT (NEXT VALUE FOR PUBLIC.SYSTEM_SEQUENCE_25BAD5F1_2256_4299_8CCF_4BF03966FEE6) NOT NULL NULL_TO_DEFAULT SEQUENCE PUBLIC.SYSTEM_SEQUENCE_25BAD5F1_2256_4299_8CCF_4BF03966FEE6,
    TEXT TEXT,
    COMMAND_ID INT,
    URL TEXT,
    REQUEST_CONTACT BOOLEAN,
    BOT_ID INT
);              
ALTER TABLE PUBLIC.BUTTON ADD CONSTRAINT PUBLIC.CONSTRAINT_7 PRIMARY KEY(ID);  
-- 86 +/- SELECT COUNT(*) FROM PUBLIC.BUTTON;  
INSERT INTO PUBLIC.BUTTON(ID, TEXT, COMMAND_ID, URL, REQUEST_CONTACT, BOT_ID) VALUES
(1, '/start', 1, NULL, FALSE, 0),
(2, STRINGDECODE('\ud83e\udd16 \u041c\u043e\u0438 \u0431\u043e\u0442\u044b'), 2, NULL, FALSE, 0),
(3, STRINGDECODE('\u2733\ufe0f \u0414\u043e\u0431\u0430\u0432\u0438\u0442\u044c \u0431\u043e\u0442\u0430'), 3, NULL, FALSE, 0),
(4, STRINGDECODE('\u0414\u043e\u0431\u0430\u0432\u0438\u0442\u044c \u043a\u043d\u043e\u043f\u043a\u0443'), 0, NULL, FALSE, 0),
(5, STRINGDECODE('\u041f\u043e\u043c\u0435\u043d\u044f\u0442\u044c \u043c\u0435\u0441\u0442\u0430\u043c\u0438'), 0, NULL, FALSE, 0),
(6, STRINGDECODE('\u0418\u0437\u043c\u0435\u043d\u0438\u0442\u044c'), 0, NULL, FALSE, 0),
(7, STRINGDECODE('\u0411\u0435\u0437 \u0444\u043e\u0442\u043e'), 0, NULL, FALSE, -1),
(10, STRINGDECODE('\u0414\u0430'), 0, NULL, FALSE, 0),
(11, STRINGDECODE('\u041d\u0435\u0442'), 0, NULL, FALSE, 0),
(19, STRINGDECODE('\ud83d\udd1c \u041e BotMother'), 15, NULL, FALSE, 0),
(20, STRINGDECODE('\ud83d\udd1c \u041e\u0431\u0443\u0447\u0435\u043d\u0438\u0435'), 15, NULL, FALSE, 0),
(21, STRINGDECODE('\ud83d\udd1c \u041e\u0431\u0440\u0430\u0442\u043d\u0430\u044f \u0441\u0432\u044f\u0437\u044c'), 15, NULL, FALSE, 0),
(22, STRINGDECODE('\ud83d\udd19 \u041d\u0430\u0437\u0430\u0434'), 1, NULL, FALSE, 0),
(23, 'Change start', 19, NULL, FALSE, 0),
(24, STRINGDECODE('\u0413\u0440\u0443\u043f\u043f\u0430'), 0, 'https://t.me/joinchat/AAAAAAj8YCmqkPgb1dhZEg', FALSE, 43),
(25, 'Change start', 21, NULL, FALSE, 0),
(26, 'Admin', 22, NULL, FALSE, 9),
(27, '/start', 23, NULL, FALSE, 10),
(28, 'Change start', 24, NULL, FALSE, 10),
(29, 'Admin', 25, NULL, FALSE, 10),
(30, STRINGDECODE('\u041e \u043d\u0430\u0441'), 26, NULL, FALSE, 10),
(31, 'Change start', 27, NULL, FALSE, 10),
(32, STRINGDECODE('\u0413\u0440\u0443\u043f\u043f\u0430'), 0, 'https://t.me/joinchat/AAAAAAsGtGcJ0MNe2RJu_g', FALSE, 11),
(33, STRINGDECODE('change \u0411\u043b\u0438\u0436\u0430\u0439\u0448\u0435\u0435 \u043c\u0435\u0440\u043e\u043f\u0440\u0438\u044f\u0442\u0438\u0435'), 29, NULL, FALSE, 10),
(34, STRINGDECODE('\u0411\u0435\u0437 \u043b\u0438\u043d\u043a\u0430'), 0, NULL, FALSE, 0),
(35, STRINGDECODE('change \ud83d\udcde\u041a\u043e\u043d\u0442\u0430\u043a\u0442\u044b'), 31, NULL, FALSE, 10),
(36, '/start', 32, NULL, FALSE, 11),
(37, 'Change start', 33, NULL, FALSE, 11),
(38, 'Admin', 34, NULL, FALSE, 11),
(68, STRINGDECODE('\u2139 \u041e \u043d\u0430\u0441'), 64, NULL, FALSE, 11),
(69, STRINGDECODE('change \u2139 \u041e \u043d\u0430\u0441'), 65, NULL, FALSE, 11),
(70, STRINGDECODE('\ud83d\udc65 \u0413\u0440\u0443\u043f\u043f\u0430'), 66, NULL, FALSE, 11),
(71, STRINGDECODE('change \u0413\u0440\u0443\u043f\u043f\u0430'), 67, NULL, FALSE, 11),
(72, STRINGDECODE('\ud83d\udcc4 \u041e\u0441\u0442\u0430\u0432\u0438\u0442\u044c \u0437\u0430\u044f\u0432\u043a\u0443'), 68, NULL, FALSE, 11),
(73, STRINGDECODE('change \ud83d\udcc4 \u041e\u0441\u0442\u0430\u0432\u0438\u0442\u044c \u0437\u0430\u044f\u0432\u043a\u0443'), 69, NULL, FALSE, 11),
(74, STRINGDECODE('\ud83d\udcde \u041a\u043e\u043d\u0442\u0430\u043a\u0442\u044b'), 70, NULL, FALSE, 11),
(75, STRINGDECODE('change \ud83d\udcde \u041a\u043e\u043d\u0442\u0430\u043a\u0442\u044b'), 71, NULL, FALSE, 11),
(100, '/start', 96, NULL, FALSE, 43),
(101, 'Change start', 97, NULL, FALSE, 43),
(102, 'Admin', 98, NULL, FALSE, 43),
(103, STRINGDECODE('\ud83d\udcc4 \u041e\u0441\u0442\u0430\u0432\u0438\u0442\u044c \u0437\u0430\u044f\u0432\u043a\u0443'), 99, NULL, FALSE, 43),
(104, STRINGDECODE('change \ud83d\udcc4 \u041e\u0441\u0442\u0430\u0432\u0438\u0442\u044c \u0437\u0430\u044f\u0432\u043a\u0443'), 100, NULL, FALSE, 43),
(105, STRINGDECODE('\ud83d\udc65 \u0413\u0440\u0443\u043f\u043f\u0430'), 101, NULL, FALSE, 43),
(106, STRINGDECODE('change \ud83d\udc65 \u0413\u0440\u0443\u043f\u043f\u0430'), 102, NULL, FALSE, 43),
(107, STRINGDECODE('\ud83d\udcde \u041a\u043e\u043d\u0442\u0430\u043a\u0442\u044b'), 103, NULL, FALSE, 43),
(108, STRINGDECODE('change \ud83d\udcde \u041a\u043e\u043d\u0442\u0430\u043a\u0442\u044b'), 104, NULL, FALSE, 43),
(109, STRINGDECODE('\ud83c\udd95 \u041d\u043e\u0432\u043e\u0441\u0442\u0438'), 105, NULL, FALSE, 43);
INSERT INTO PUBLIC.BUTTON(ID, TEXT, COMMAND_ID, URL, REQUEST_CONTACT, BOT_ID) VALUES
(110, STRINGDECODE('change \ud83c\udd95 \u041d\u043e\u0432\u043e\u0441\u0442\u0438'), 106, NULL, FALSE, 43),
(111, STRINGDECODE('\ud83d\udc64 \u0417\u0430\u043f\u0438\u0441\u0430\u0442\u044c\u0441\u044f \u043d\u0430 \u043f\u0440\u0438\u0435\u043c'), 107, NULL, FALSE, 43),
(112, STRINGDECODE('change \ud83d\udc64 \u0417\u0430\u043f\u0438\u0441\u0430\u0442\u044c\u0441\u044f \u043d\u0430 \u043f\u0440\u0438\u0435\u043c'), 108, NULL, FALSE, 43),
(132, '/start', 128, NULL, FALSE, 75),
(133, 'Change start', 129, NULL, FALSE, 75),
(134, 'Admin', 130, NULL, FALSE, 75),
(135, STRINGDECODE('\u2139\ufe0f \u041e \u043d\u0430\u0441'), 131, NULL, FALSE, 75),
(136, STRINGDECODE('change \u2139\ufe0f \u041e \u043d\u0430\u0441'), 132, NULL, FALSE, 75),
(137, STRINGDECODE('\ud83c\udd95 \u041d\u043e\u0432\u043e\u0441\u0442\u0438'), 133, NULL, FALSE, 75),
(138, STRINGDECODE('change \ud83c\udd95 \u041d\u043e\u0432\u043e\u0441\u0442\u0438'), 134, NULL, FALSE, 75),
(139, STRINGDECODE('\ud83d\udc64 \u041b\u0438\u0447\u043d\u044b\u0439 \u043a\u0430\u0431\u0438\u043d\u0435\u0442'), 135, NULL, FALSE, 75),
(140, STRINGDECODE('change \ud83d\udc64 \u041b\u0438\u0447\u043d\u044b\u0439 \u043a\u0430\u0431\u0438\u043d\u0435\u0442'), 136, NULL, FALSE, 75),
(141, STRINGDECODE('\ud83d\ude80 \u041f\u0440\u043e\u0439\u0442\u0438 \u043a\u0443\u0440\u0441'), 137, NULL, FALSE, 75),
(142, STRINGDECODE('change \ud83d\ude80 \u041f\u0440\u043e\u0439\u0442\u0438 \u043a\u0443\u0440\u0441'), 138, NULL, FALSE, 75),
(143, STRINGDECODE('\ud83d\udde3 \u041e\u0431\u0440\u0430\u0442\u043d\u0430\u044f \u0441\u0432\u044f\u0437\u044c'), 139, NULL, FALSE, 75),
(144, STRINGDECODE('change \ud83d\udde3 \u041e\u0431\u0440\u0430\u0442\u043d\u0430\u044f \u0441\u0432\u044f\u0437\u044c'), 140, NULL, FALSE, 75),
(145, STRINGDECODE('\ud83d\udcde \u041a\u043e\u043d\u0442\u0430\u043a\u0442\u044b'), 141, NULL, FALSE, 75),
(146, STRINGDECODE('change \ud83d\udcde \u041a\u043e\u043d\u0442\u0430\u043a\u0442\u044b'), 142, NULL, FALSE, 75),
(147, '/start', 143, NULL, FALSE, 76),
(148, 'Change start', 144, NULL, FALSE, 76),
(149, 'Admin', 145, NULL, FALSE, 76),
(150, STRINGDECODE('\ud83c\udd95 \u043e \u043d\u0430\u0441'), 146, NULL, FALSE, 76),
(151, STRINGDECODE('change \ud83c\udd95 \u043e \u043d\u0430\u0441'), 147, NULL, FALSE, 76),
(152, '/start', 148, NULL, FALSE, 77),
(153, 'Change start', 149, NULL, FALSE, 77),
(154, 'Admin', 150, NULL, FALSE, 77),
(155, STRINGDECODE('\u2139\ufe0f \u041e \u043d\u0430\u0441'), 151, NULL, FALSE, 77),
(156, STRINGDECODE('change \u2139\ufe0f \u041e \u043d\u0430\u0441'), 152, NULL, FALSE, 77),
(157, STRINGDECODE('\ud83c\udd95 \u041d\u043e\u0432\u043e\u0441\u0442\u0438'), 153, NULL, FALSE, 77),
(158, STRINGDECODE('change \ud83c\udd95 \u041d\u043e\u0432\u043e\u0441\u0442\u0438'), 154, NULL, FALSE, 77),
(164, '/start', 160, NULL, FALSE, 107),
(165, 'Change start', 161, NULL, FALSE, 107),
(166, 'Admin', 162, NULL, FALSE, 107),
(175, STRINGDECODE('\u041b\u0438\u043d\u043a\u043e\u043b\u044c\u043d'), 0, 'https://t.me/bi_group_channel', FALSE, 107),
(176, STRINGDECODE('\u0413\u0440\u0443\u043f\u043f\u0430'), 168, NULL, FALSE, 107),
(177, STRINGDECODE('change \u0413\u0440\u0443\u043f\u043f\u0430'), 169, NULL, FALSE, 107),
(178, '/start', 170, NULL, FALSE, 108),
(179, 'Change start', 171, NULL, FALSE, 108),
(180, 'Admin', 172, NULL, FALSE, 108);    
CREATE CACHED TABLE PUBLIC.KEYBOARD(
    ID INT DEFAULT (NEXT VALUE FOR PUBLIC.SYSTEM_SEQUENCE_978BCEE7_4FE1_4449_81B9_62D830357CDD) NOT NULL NULL_TO_DEFAULT SEQUENCE PUBLIC.SYSTEM_SEQUENCE_978BCEE7_4FE1_4449_81B9_62D830357CDD,
    BUTTON_IDS TEXT,
    INLINE BOOLEAN,
    COMMENT TEXT
);               
ALTER TABLE PUBLIC.KEYBOARD ADD CONSTRAINT PUBLIC.CONSTRAINT_4 PRIMARY KEY(ID);
-- 25 +/- SELECT COUNT(*) FROM PUBLIC.KEYBOARD;
INSERT INTO PUBLIC.KEYBOARD(ID, BUTTON_IDS, INLINE, COMMENT) VALUES
(1, '19,2;20,21', FALSE, 'main'),
(2, '3', FALSE, 'my bots'),
(3, '7', TRUE, 'no photo'),
(5, '10,11', TRUE, 'yes no'),
(10, '34', TRUE, 'no link'),
(11, '3,22', FALSE, 'add bot and back'),
(12, '32', TRUE, 'bot11 group'),
(13, '24', TRUE, 'bot43 group'),
(14, '23', FALSE, 'admin9'),
(15, '28;28;33;35', FALSE, 'admin10'),
(16, '30,32;34', FALSE, 'main10'),
(17, '37;69;71;73;75', FALSE, 'admin11'),
(49, '68,70;72,74', FALSE, 'main11'),
(81, '101;104;106;108;110;112', FALSE, 'admin43'),
(82, '103,105;107,109;111', FALSE, 'main43'),
(113, '133;136;138;140;142;144;146', FALSE, 'admin75'),
(114, '135,137;139,141;143,145', FALSE, 'main75'),
(115, '148;151', FALSE, 'admin76'),
(116, '150', FALSE, 'main76'),
(117, '153;156;158', FALSE, 'admin77'),
(150, '176', FALSE, 'main107'),
(151, '175', TRUE, 'link'),
(152, '177', FALSE, 'admin107'),
(153, '0', FALSE, 'main108'),
(154, '179', FALSE, 'admin108');  
CREATE CACHED TABLE PUBLIC.MEMBER(
    ID INT DEFAULT (NEXT VALUE FOR PUBLIC.SYSTEM_SEQUENCE_23A0BA9D_803C_4A84_89BD_EA8F6B8DE7D8) NOT NULL NULL_TO_DEFAULT SEQUENCE PUBLIC.SYSTEM_SEQUENCE_23A0BA9D_803C_4A84_89BD_EA8F6B8DE7D8,
    USER_ID BIGINT,
    CHAT_ID BIGINT,
    NAVIKI TEXT,
    NISHA TEXT,
    USER_NAME TEXT,
    COMPANY_NAME TEXT,
    CONTACT TEXT,
    FIO TEXT,
    FIRST_NAME TEXT,
    LAST_NAME TEXT,
    PHONE_NUMBER TEXT
);        
ALTER TABLE PUBLIC.MEMBER ADD CONSTRAINT PUBLIC.CONSTRAINT_8 PRIMARY KEY(ID);  
-- 0 +/- SELECT COUNT(*) FROM PUBLIC.MEMBER;   
CREATE CACHED TABLE PUBLIC.MESSAGE(
    ID INT DEFAULT (NEXT VALUE FOR PUBLIC.SYSTEM_SEQUENCE_A0B678AC_73D2_4C0F_B14B_E8E16F1AA448) NOT NULL NULL_TO_DEFAULT SEQUENCE PUBLIC.SYSTEM_SEQUENCE_A0B678AC_73D2_4C0F_B14B_E8E16F1AA448,
    TEXT TEXT,
    PHOTO TEXT,
    KEYBOARD_ID INT
);       
ALTER TABLE PUBLIC.MESSAGE ADD CONSTRAINT PUBLIC.CONSTRAINT_63 PRIMARY KEY(ID);
-- 77 +/- SELECT COUNT(*) FROM PUBLIC.MESSAGE; 
INSERT INTO PUBLIC.MESSAGE(ID, TEXT, PHOTO, KEYBOARD_ID) VALUES
(1, STRINGDECODE('\u0413\u043b\u0430\u0432\u043d\u043e\u0435 \u043c\u0435\u043d\u044e'), NULL, 1),
(2, STRINGDECODE('\u0423 \u0432\u0430\u0441 \u043d\u0435\u0442 \u0431\u043e\u0442\u043e\u0432'), NULL, 2),
(3, STRINGDECODE('\u041d\u0430\u043f\u0438\u0448\u0438\u0442\u0435 \u0438\u043c\u044f \u0431\u043e\u0442\u0430'), NULL, 0),
(4, STRINGDECODE('\u041e\u0442\u043f\u0440\u0430\u0432\u044c\u0442\u0435 \u043f\u043e\u0436\u0430\u043b\u0443\u0439\u0441\u0442\u0430 \u0442\u043e\u043a\u0435\u043d \u0431\u043e\u0442\u0430'), NULL, 0),
(5, STRINGDECODE('\u0412\u0430\u0448 \u0431\u043e\u0442 \u0432\u043a\u043b\u044e\u0447\u0435\u043d'), NULL, 0),
(6, STRINGDECODE('\u0427\u0442\u043e \u0442\u043e \u043f\u043e\u0448\u043b\u043e \u043d\u0435 \u0442\u0430\u043a, \u043f\u043e\u043f\u0440\u043e\u0431\u0443\u0439\u0442\u0435 \u0435\u0449\u0435 \u0440\u0430\u0437, \u043e\u0442\u043f\u0440\u0430\u0432\u044c\u0442\u0435 \u043f\u043e\u0436\u0430\u043b\u0443\u0439\u0441\u0442\u0430 \u0442\u043e\u043a\u0435\u043d'), NULL, 0),
(7, STRINGDECODE('\u041a\u043e\u043c\u0430\u043d\u0434\u0430 \u043d\u0435 \u0440\u0430\u0441\u043f\u043e\u0437\u043d\u0430\u043d\u043e, \u0438\u043b\u0438 \u043d\u0435 \u0443\u0434\u0430\u043b\u043e\u0441\u044c \u043e\u0431\u0440\u0430\u0431\u043e\u0442\u0430\u0442\u044c \u0438\u043d\u0444\u043e\u0440\u043c\u0430\u0446\u0438\u044e'), NULL, 1),
(8, STRINGDECODE('\u0412\u044b\u0431\u0435\u0440\u0438\u0442\u0435 \u0431\u043e\u0442\u0430'), NULL, 11),
(9, STRINGDECODE('\u0412\u044b\u0431\u0435\u0440\u0438\u0442\u0435 \u0434\u0435\u0439\u0441\u0442\u0432\u0438\u0435'), NULL, 0),
(10, STRINGDECODE('\u0427\u0442\u043e \u0442\u043e \u043f\u043e\u0448\u043b\u043e \u043d\u0435 \u0442\u0430\u043a, \u043f\u043e\u043f\u0440\u043e\u0431\u0443\u0439 \u0435\u0449\u0435 \u0440\u0430\u0437 \u0432\u044b\u0431\u0440\u0430\u0442\u044c \u0431\u043e\u0442\u0430'), NULL, 0),
(11, STRINGDECODE('\u0412\u0432\u0435\u0434\u0438\u0442\u0435 \u043d\u0430\u0437\u0432\u0430\u043d\u0438\u0435'), NULL, 0),
(12, STRINGDECODE('\u0412\u044b\u0431\u0435\u0440\u0438\u0442\u0435 \u0442\u0438\u043f'), NULL, 0),
(13, STRINGDECODE('\u0412\u0432\u0435\u0434\u0438\u0442\u0435 \u0441\u043e\u043e\u0431\u0449\u0435\u043d\u0438\u0435'), NULL, 0),
(14, STRINGDECODE('\u041e\u0442\u043f\u0440\u0430\u0432\u044c\u0442\u0435 \u0444\u043e\u0442\u043e'), NULL, 3),
(15, STRINGDECODE('\u0418\u0437\u043c\u0435\u043d\u0435\u043d\u0438\u044f \u0441\u043e\u0445\u0440\u0430\u043d\u0435\u043d\u044b'), NULL, 0),
(16, STRINGDECODE('\u0422\u0435\u0441\u0442\u043e\u0432\u043e\u0435 \u0441\u043e\u043e\u0431\u0449\u0435\u043d\u0438\u0435'), NULL, 0),
(17, 'is new row?', NULL, 5),
(18, STRINGDECODE('\u0414\u0430\u043d\u043d\u0430\u044f \u0444\u0443\u043d\u043a\u0446\u0438\u044f \u0435\u0449\u0435 \u043d\u0435 \u0440\u0435\u0430\u043b\u0438\u0437\u043e\u0432\u0430\u043d\u0430'), NULL, 0),
(19, STRINGDECODE('\u0441\u043e\u043e\u0431\u0449 1124'), NULL, 0),
(20, STRINGDECODE('\u0441\u043e\u043e\u0431\u0449 1129'), NULL, 4),
(21, STRINGDECODE('\u0423 \u0432\u0430\u0441 \u0435\u0449\u0435 \u043d\u0435\u0442 \u043a\u043d\u043e\u043f\u043e\u043a, \u0438\u0434\u0438\u0442\u0435 \u0432 @q_mother_bot \u0438 \u043d\u0430\u0441\u0442\u0440\u043e\u0439\u0442\u0435 \u0441\u0435\u0431\u0435 \u0431\u043e\u0442\u0430'), NULL, 0),
(22, STRINGDECODE('\u0421\u043a\u043e\u0440\u043e \u0441\u043e\u0431\u0440\u0430\u043d\u0438\u0435'), NULL, 6),
(23, STRINGDECODE('\u0418\u043b\u0438 \u0430\u043b'), NULL, 6),
(24, STRINGDECODE('\u0412\u0442\u043e\u0440\u043e\u0435 \u0441\u0442\u0430\u0440\u0442'), NULL, 0),
(25, STRINGDECODE('\u041a\u043d\u043e\u043f\u043a\u0430 \u0443\u0441\u043f\u0435\u0448\u043d\u043e \u0434\u043e\u0431\u0430\u0432\u043b\u0435\u043d\u0430'), NULL, 0),
(26, 'set name of link', NULL, 0),
(27, 'Test message', NULL, 8),
(28, 'Test message', NULL, 9),
(29, 'Mresf', NULL, 10),
(30, '666877', NULL, 10),
(31, STRINGDECODE('\u0418\u0437\u043c\u0435\u043d\u0438\u0442\u0435 \u044d\u0442\u0443 \u0438\u043d\u0444\u043e\u0440\u043c\u0430\u0446\u0438\u044e \u0432 \u0430\u0434\u043c\u0438\u043d\u043a\u0435'), NULL, 0);        
INSERT INTO PUBLIC.MESSAGE(ID, TEXT, PHOTO, KEYBOARD_ID) VALUES
(32, STRINGDECODE('\u0418\u0437\u043c\u0435\u043d\u0438\u0442\u0435 \u044d\u0442\u0443 \u0438\u043d\u0444\u043e\u0440\u043c\u0430\u0446\u0438\u044e \u0432 \u0430\u0434\u043c\u0438\u043d\u043a\u0435'), NULL, 0),
(33, STRINGDECODE('\u0418\u0437\u043c\u0435\u043d\u0438\u0442\u0435 \u044d\u0442\u0443 \u0438\u043d\u0444\u043e\u0440\u043c\u0430\u0446\u0438\u044e \u0432 \u0430\u0434\u043c\u0438\u043d\u043a\u0435'), NULL, 0),
(34, 'Admin mode', NULL, 14),
(35, 'Yay', 'AgADAgAD1qcxGyOCmEtQ8MviFXRKVIJQtw0ABIYRshXR-v23kjYCAAEC', 0),
(36, 'Admin mode', NULL, 15),
(37, STRINGDECODE('\u0418\u0437\u043c\u0435\u043d\u0438\u0442\u0435 \u044d\u0442\u0443 \u0438\u043d\u0444\u043e\u0440\u043c\u0430\u0446\u0438\u044e \u0432 \u0430\u0434\u043c\u0438\u043d\u043a\u0435'), NULL, 16),
(38, STRINGDECODE('\u0412\u0441\u0442\u0440\u0435\u0447\u0430 \u0441 \u0438\u043d\u0432\u0435\u0441\u0442\u043e\u0440\u043e\u043c'), NULL, 16),
(39, STRINGDECODE('\u0422\u0435\u043b 33567'), NULL, 16),
(40, STRINGDECODE('\u0418\u0437\u043c\u0435\u043d\u0438\u0442\u0435 \u044d\u0442\u0443 \u0438\u043d\u0444\u043e\u0440\u043c\u0430\u0446\u0438\u044e \u0432 \u0430\u0434\u043c\u0438\u043d\u043a\u0435'), NULL, 0),
(41, 'Admin mode', NULL, 17),
(42, STRINGDECODE('\u0418\u0437\u043c\u0435\u043d\u0438\u0442\u0435 \u044d\u0442\u0443 \u0438\u043d\u0444\u043e\u0440\u043c\u0430\u0446\u0438\u044e \u0432 \u0430\u0434\u043c\u0438\u043d\u043a\u0435'), NULL, 18),
(72, STRINGDECODE('\u0423\u043f\u0440\u0430\u0432\u043b\u044f\u044e\u0449\u0430\u044f \u043a\u043e\u043c\u043f\u0430\u043d\u0438\u044f \u00abMobil Realty Management Company\u00bb \u0437\u0430\u043d\u0438\u043c\u0430\u0435\u0442\u0441\u044f \u043a\u043e\u043c\u043f\u043b\u0435\u043a\u0441\u043d\u044b\u043c \u0443\u043f\u0440\u0430\u0432\u043b\u0435\u043d\u0438\u0435\u043c \u043a\u043e\u043c\u043c\u0435\u0440\u0447\u0435\u0441\u043a\u043e\u0439 \u043d\u0435\u0434\u0432\u0438\u0436\u0438\u043c\u043e\u0441\u0442\u0438 \u0441 2006 \u0433\u043e\u0434\u0430. \u0423\u041a \u00abMobil Realty Management Company\u00bb \u2013 \u043e\u0434\u043d\u0430 \u0438\u0437 \u043f\u0440\u043e\u0444\u0435\u0441\u0441\u0438\u043e\u043d\u0430\u043b\u044c\u043d\u044b\u0445 \u043a\u043e\u043c\u043f\u0430\u043d\u0438\u0439 \u0432 \u041a\u0430\u0437\u0430\u0445\u0441\u0442\u0430\u043d\u0435, \u0438\u043c\u0435\u044e\u0449\u0430\u044f \u043d\u0430 \u0441\u0435\u0433\u043e\u0434\u043d\u044f\u0448\u043d\u0438\u0439 \u0434\u0435\u043d\u044c \u043d\u0435\u0441\u043a\u043e\u043b\u044c\u043a\u043e \u0411\u0438\u0437\u043d\u0435\u0441 \u0446\u0435\u043d\u0442\u0440\u043e\u0432 \u043f\u043e\u0434 \u0443\u043f\u0440\u0430\u0432\u043b\u0435\u043d\u0438\u0435\u043c.'), 'AgADAgADracxG8WOuEufCtLQEArYTt07tw0ABG89JVBeKoFJFFACAAEC', 49),
(73, STRINGDECODE('\u041d\u0430\u0436\u043c\u0438\u0442\u0435 \u043a\u043d\u043e\u043f\u043a\u0443 \u043d\u0438\u0436\u0435 \u0447\u0442\u043e \u0431\u044b \u043e\u0442\u043a\u0440\u044b\u0442\u044c \u0433\u0440\u0443\u043f\u043f\u0443 (\u044d\u0442\u043e \u0441\u043e\u043e\u0431\u0449\u0435\u043d\u0438\u0435 \u043c\u043e\u0436\u043d\u043e \u0438\u0437\u043c\u0435\u043d\u0438\u0442\u044c  \u0432 \u0430\u0434\u043c\u0438\u043d \u043f\u0430\u043d\u0435\u043b\u0438)'), NULL, 12),
(74, STRINGDECODE('\u0414\u0430\u043d\u043d\u0430\u044f \u0444\u0443\u043d\u043a\u0446\u0438\u044f \u043d\u0435 \u0434\u043e\u0441\u0442\u0443\u043f\u043d\u0430 \u0432 \u0434\u0435\u043c\u043e \u0432\u0435\u0440\u0441\u0438\u0438'), NULL, 49),
(75, STRINGDECODE('\u0423\u043f\u0440\u0430\u0432\u043b\u044f\u044e\u0449\u0430\u044f \u043a\u043e\u043c\u043f\u0430\u043d\u0438\u044f \u00abMobil Realty Management Company\u00bb\n\u041a\u0430\u0437\u0430\u0445\u0441\u0442\u0430\u043d, \u0433.\u0410\u0441\u0442\u0430\u043d\u0430, \u043f\u0440. \u0410\u0431\u0430\u044f, 13;\n\u041e\u0442\u0434\u0435\u043b \u0430\u0440\u0435\u043d\u0434\u044b:\n\u0422\u0435\u043b.:  + 7 7172  47-62-34;\n+ 7 7172  47-66-20;\n+ 7 7172  47-65-22;\n\u041c\u043e\u0431.: +7 707 700 21 75;\n+7 707 700 21 38;\n+7 707 994 99 84;\ne-mail: arenda@mcmr.kz\n\u041f\u0440\u0438\u0435\u043c\u043d\u0430\u044f:\n\u0422\u0435\u043b.:  +7 7172 47-67-79;\n\u0424\u0430\u043a\u0441: +7 7172 47-67-80;\ne-mail: office@mcmr.kz'), NULL, 49);   
INSERT INTO PUBLIC.MESSAGE(ID, TEXT, PHOTO, KEYBOARD_ID) VALUES
(104, STRINGDECODE('\u0414\u043e\u0431\u0440\u043e \u043f\u043e\u0436\u0430\u043b\u043e\u0432\u0430\u0442\u044c \u043d\u0430 \u043e\u0444\u0438\u0446\u0438\u0430\u043b\u044c\u043d\u044b\u0439 \u0431\u043e\u0442 \u0430\u043a\u0438\u043c\u0430\u0442\u0430 \u0410\u0441\u0442\u0430\u043d\u044b'), NULL, 0),
(105, 'Admin mode', NULL, 81),
(106, STRINGDECODE('\u0414\u0430\u043d\u043d\u0430\u044f \u0444\u0443\u043d\u043a\u0446\u0438\u044f \u043d\u0435 \u0434\u043e\u0441\u0442\u0443\u043f\u043d\u0430 \u0432 \u0434\u0435\u043c\u043e \u0432\u0435\u0440\u0441\u0438\u0438'), NULL, 82),
(107, STRINGDECODE('\u041d\u0430\u0436\u043c\u0438\u0442\u0435 \u043a\u043d\u043e\u043f\u043a\u0443 \u043d\u0438\u0436\u0435 \u0447\u0442\u043e \u0431\u044b \u043e\u0442\u043a\u0440\u044b\u0442\u044c \u0433\u0440\u0443\u043f\u043f\u0443 (\u044d\u0442\u043e \u0441\u043e\u043e\u0431\u0449\u0435\u043d\u0438\u0435 \u043c\u043e\u0436\u043d\u043e \u0438\u0437\u043c\u0435\u043d\u0438\u0442\u044c  \u0432 \u0430\u0434\u043c\u0438\u043d \u043f\u0430\u043d\u0435\u043b\u0438)'), NULL, 13),
(108, STRINGDECODE('\u0417\u0434\u0435\u0441\u044c \u0431\u0443\u0434\u0443\u0442 \u041a\u043e\u043d\u0442\u0430\u043a\u0442\u044b (\u043c\u043e\u0436\u043d\u043e \u0443\u0441\u0442\u0430\u043d\u043e\u0432\u0438\u0442\u044c \u0432 \u0430\u0434\u043c\u0438\u043d \u043f\u0430\u043d\u0435\u043b\u0438)'), NULL, 82),
(109, STRINGDECODE('\u0418\u0437\u043c\u0435\u043d\u0438\u0442\u0435 \u044d\u0442\u0443 \u0438\u043d\u0444\u043e\u0440\u043c\u0430\u0446\u0438\u044e \u0432 \u0430\u0434\u043c\u0438\u043d\u043a\u0435'), NULL, 82),
(110, STRINGDECODE('\u0414\u0430\u043d\u043d\u0430\u044f \u0444\u0443\u043d\u043a\u0446\u0438\u044f \u043d\u0435 \u0434\u043e\u0441\u0442\u0443\u043f\u043d\u0430 \u0432 \u0434\u0435\u043c\u043e \u0432\u0435\u0440\u0441\u0438\u0438'), NULL, 82),
(136, STRINGDECODE('\u0418\u0437\u043c\u0435\u043d\u0438\u0442\u0435 \u044d\u0442\u0443 \u0438\u043d\u0444\u043e\u0440\u043c\u0430\u0446\u0438\u044e \u0432 \u0430\u0434\u043c\u0438\u043d\u043a\u0435'), NULL, 0),
(137, 'Admin mode', NULL, 113),
(138, STRINGDECODE('\u0411\u0418\u0417\u041d\u0415\u0421 \u0410\u041a\u0410\u0414\u0415\u041c\u0418\u042f \u00ab\u0410\u0422\u0410\u041c\u0415\u041a\u0415\u041d\u00bb\n\n\u0411\u0438\u0437\u043d\u0435\u0441 \u0410\u043a\u0430\u0434\u0435\u043c\u0438\u044f \u00ab\u0410\u0442\u0430\u043c\u0435\u043a\u0435\u043d\u00bb \u2013 \u044d\u0442\u043e \u0443\u043d\u0438\u043a\u0430\u043b\u044c\u043d\u044b\u0439 \u043e\u0431\u0440\u0430\u0437\u043e\u0432\u0430\u0442\u0435\u043b\u044c\u043d\u044b\u0439 \u043f\u0440\u043e\u0435\u043a\u0442, \u0433\u043b\u0430\u0432\u043d\u043e\u0439 \u0446\u0435\u043b\u044c\u044e \u043a\u043e\u0442\u043e\u0440\u043e\u0433\u043e \u044f\u0432\u043b\u044f\u0435\u0442\u0441\u044f \u043f\u0440\u0435\u0434\u043e\u0441\u0442\u0430\u0432\u043b\u0435\u043d\u0438\u0435 \u043c\u0430\u0441\u0441\u043e\u0432\u043e\u0433\u043e \u043e\u043d\u043b\u0430\u0439\u043d \u043e\u0431\u0440\u0430\u0437\u043e\u0432\u0430\u043d\u0438\u044f, \u043d\u0430\u043f\u0440\u0430\u0432\u043b\u0435\u043d\u043d\u043e\u0433\u043e \u043d\u0430 \u0440\u0430\u0437\u0432\u0438\u0442\u0438\u0435 \u0431\u0430\u0437\u043e\u0432\u044b\u0445 \u0437\u043d\u0430\u043d\u0438\u0439 \u0438 \u043a\u043e\u043c\u043f\u0435\u0442\u0435\u043d\u0446\u0438\u0439 \u043d\u0430\u0447\u0438\u043d\u0430\u044e\u0449\u0438\u0445, \u0434\u0435\u0439\u0441\u0442\u0432\u0443\u044e\u0449\u0438\u0445 \u0438 \u0431\u0443\u0434\u0443\u0449\u0438\u0445 \u043f\u0440\u0435\u0434\u043f\u0440\u0438\u043d\u0438\u043c\u0430\u0442\u0435\u043b\u0435\u0439 \u0420\u0435\u0441\u043f\u0443\u0431\u043b\u0438\u043a\u0438 \u041a\u0430\u0437\u0430\u0445\u0441\u0442\u0430\u043d.\n\n\u0412 \u0440\u0430\u043c\u043a\u0430\u0445 \u043d\u0430\u0448\u0435\u0439 \u043e\u043d\u043b\u0430\u0439\u043d-\u043f\u043b\u0430\u0442\u0444\u043e\u0440\u043c\u044b \u0441\u043b\u0443\u0448\u0430\u0442\u0435\u043b\u0438 \u0410\u043a\u0430\u0434\u0435\u043c\u0438\u0438 \u043f\u043e\u043b\u0443\u0447\u0430\u044e\u0442 \u0446\u0435\u043d\u043d\u044b\u0435 \u043f\u0440\u0430\u043a\u0442\u0438\u0447\u0435\u0441\u043a\u0438\u0435 \u0437\u043d\u0430\u043d\u0438\u044f \u043e\u0442 \u043b\u0443\u0447\u0448\u0438\u0445 \u044d\u043a\u0441\u043f\u0435\u0440\u0442\u043e\u0432 \u0438 \u043f\u0440\u0430\u043a\u0442\u0438\u043a\u043e\u0432 \u0441\u0442\u0440\u0430\u043d\u044b, \u0430 \u0442\u0430\u043a\u0436\u0435 \u0438\u043c\u0435\u044e\u0442 \u0432\u043e\u0437\u043c\u043e\u0436\u043d\u043e\u0441\u0442\u044c \u0438\u0441\u043f\u043e\u043b\u044c\u0437\u043e\u0432\u0430\u0442\u044c \u044d\u0444\u0444\u0435\u043a\u0442\u0438\u0432\u043d\u0443\u044e \u043b\u0438\u043d\u0435\u0439\u043a\u0443 \u0438\u043d\u0441\u0442\u0440\u0443\u043c\u0435\u043d\u0442\u043e\u0432 \u043e\u0431\u0443\u0447\u0435\u043d\u0438\u044f, \u043e\u0431\u0449\u0430\u0442\u044c\u0441\u044f \u0441 \u0431\u0438\u0437\u043d\u0435\u0441\u043c\u0435\u043d\u0430\u043c\u0438, \u043f\u0440\u0435\u043f\u043e\u0434\u0430\u0432\u0430\u0442\u0435\u043b\u044f\u043c\u0438 \u0438 \u0435\u0434\u0438\u043d\u043e\u043c\u044b\u0448\u043b\u0435\u043d\u043d\u0438\u043a\u0430\u043c\u0438.'), NULL, 114);   
INSERT INTO PUBLIC.MESSAGE(ID, TEXT, PHOTO, KEYBOARD_ID) VALUES
(139, STRINGDECODE('\u0417\u0434\u0435\u0441\u044c \u0431\u0443\u0434\u0443\u0442 \u0432\u0430\u0448\u0438 \u043d\u043e\u0432\u043e\u0441\u0442\u0438'), NULL, 114),
(140, STRINGDECODE('\u0414\u0430\u043d\u043d\u0430\u044f \u0444\u0443\u043d\u043a\u0446\u0438\u044f \u043d\u0435 \u0434\u043e\u0441\u0442\u0443\u043f\u043d\u0430 \u0432 \u0434\u0435\u043c\u043e \u0432\u0435\u0440\u0441\u0438\u0438'), NULL, 114),
(141, STRINGDECODE('\u0414\u0430\u043d\u043d\u0430\u044f \u0444\u0443\u043d\u043a\u0446\u0438\u044f \u043d\u0435 \u0434\u043e\u0441\u0442\u0443\u043f\u043d\u0430 \u0432 \u0434\u0435\u043c\u043e \u0432\u0435\u0440\u0441\u0438\u0438'), NULL, 114),
(142, STRINGDECODE('\u0414\u0430\u043d\u043d\u0430\u044f \u0444\u0443\u043d\u043a\u0446\u0438\u044f \u043d\u0435 \u0434\u043e\u0441\u0442\u0443\u043f\u043d\u0430 \u0432 \u0434\u0435\u043c\u043e \u0432\u0435\u0440\u0441\u0438\u0438'), NULL, 114),
(143, STRINGDECODE('\u0417\u0434\u0435\u0441\u044c \u0431\u0443\u0434\u0443\u0442 \u0432\u0430\u0448\u0438 \u043a\u043e\u043d\u0442\u0430\u043a\u0442\u044b'), NULL, 114),
(144, STRINGDECODE('\u0418\u0437\u043c\u0435\u043d\u0438\u0442\u0435 \u044d\u0442\u0443 \u0438\u043d\u0444\u043e\u0440\u043c\u0430\u0446\u0438\u044e \u0432 \u0430\u0434\u043c\u0438\u043d\u043a\u0435'), NULL, 0),
(145, 'Admin mode', NULL, 115),
(146, 'Gcnyc', NULL, 116),
(147, STRINGDECODE('\u0418\u0437\u043c\u0435\u043d\u0438\u0442\u0435 \u044d\u0442\u0443 \u0438\u043d\u0444\u043e\u0440\u043c\u0430\u0446\u0438\u044e \u0432 \u0430\u0434\u043c\u0438\u043d\u043a\u0435'), NULL, 0),
(148, 'Admin mode', NULL, 117),
(149, STRINGDECODE('\u0414\u0430\u043d\u043d\u0430\u044f \u0444\u0443\u043d\u043a\u0446\u0438\u044f \u043d\u0435 \u0434\u043e\u0441\u0442\u0443\u043f\u043d\u0430 \u0432 \u0434\u0435\u043c\u043e \u0432\u0435\u0440\u0441\u0438\u0438'), NULL, 118),
(150, STRINGDECODE('\u0418\u0437\u043c\u0435\u043d\u0438\u0442\u0435 \u044d\u0442\u0443 \u0438\u043d\u0444\u043e\u0440\u043c\u0430\u0446\u0438\u044e \u0432 \u0430\u0434\u043c\u0438\u043d\u043a\u0435'), NULL, 118),
(168, 'Send link for inline button', NULL, 10),
(169, STRINGDECODE('\u0418\u0437\u043c\u0435\u043d\u0438\u0442\u0435 \u044d\u0442\u0443 \u0438\u043d\u0444\u043e\u0440\u043c\u0430\u0446\u0438\u044e \u0432 \u0430\u0434\u043c\u0438\u043d\u043a\u0435'), NULL, 145),
(170, 'Admin mode', NULL, 146),
(171, STRINGDECODE('\u0418\u0437\u043c\u0435\u043d\u0438\u0442\u0435 \u044d\u0442\u0443 \u0438\u043d\u0444\u043e\u0440\u043c\u0430\u0446\u0438\u044e \u0432 \u0430\u0434\u043c\u0438\u043d\u043a\u0435'), NULL, 147),
(172, STRINGDECODE('\u0418\u0437\u043c\u0435\u043d\u0438\u0442\u0435 \u044d\u0442\u0443 \u0438\u043d\u0444\u043e\u0440\u043c\u0430\u0446\u0438\u044e \u0432 \u0430\u0434\u043c\u0438\u043d\u043a\u0435'), NULL, 148),
(173, STRINGDECODE('\u0418\u0437\u043c\u0435\u043d\u0438\u0442\u0435 \u044d\u0442\u0443 \u0438\u043d\u0444\u043e\u0440\u043c\u0430\u0446\u0438\u044e \u0432 \u0430\u0434\u043c\u0438\u043d\u043a\u0435'), NULL, 149),
(174, STRINGDECODE('\u0418\u0437\u043c\u0435\u043d\u0438\u0442\u0435 \u044d\u0442\u0443 \u0438\u043d\u0444\u043e\u0440\u043c\u0430\u0446\u0438\u044e \u0432 \u0430\u0434\u043c\u0438\u043d\u043a\u0435'), NULL, 151),
(175, STRINGDECODE('\u0418\u0437\u043c\u0435\u043d\u0438\u0442\u0435 \u044d\u0442\u0443 \u0438\u043d\u0444\u043e\u0440\u043c\u0430\u0446\u0438\u044e \u0432 \u0430\u0434\u043c\u0438\u043d\u043a\u0435'), NULL, 153),
(176, 'Admin mode', NULL, 154);           
CREATE CACHED TABLE PUBLIC.BOTS(
    ID INT DEFAULT (NEXT VALUE FOR PUBLIC.SYSTEM_SEQUENCE_1FCC4112_17DF_4F70_BB3A_85FF06976C0E) NOT NULL NULL_TO_DEFAULT SEQUENCE PUBLIC.SYSTEM_SEQUENCE_1FCC4112_17DF_4F70_BB3A_85FF06976C0E,
    NAME TEXT,
    TOKEN TEXT,
    OWNER_CHAT_ID BIGINT
);     
ALTER TABLE PUBLIC.BOTS ADD CONSTRAINT PUBLIC.CONSTRAINT_1 PRIMARY KEY(ID);    
-- 0 +/- SELECT COUNT(*) FROM PUBLIC.BOTS;     
CREATE CACHED TABLE PUBLIC.VAR(
    ID INT DEFAULT (NEXT VALUE FOR PUBLIC.SYSTEM_SEQUENCE_99BD8E11_DE08_4577_9EFE_734F9843FCC6) NOT NULL NULL_TO_DEFAULT SEQUENCE PUBLIC.SYSTEM_SEQUENCE_99BD8E11_DE08_4577_9EFE_734F9843FCC6,
    KEY TEXT,
    VALUE TEXT
); 
ALTER TABLE PUBLIC.VAR ADD CONSTRAINT PUBLIC.CONSTRAINT_14 PRIMARY KEY(ID);    
-- 0 +/- SELECT COUNT(*) FROM PUBLIC.VAR;      
CREATE CACHED TABLE PUBLIC.CATEGORIES(
    ID INT DEFAULT (NEXT VALUE FOR PUBLIC.SYSTEM_SEQUENCE_1C31A6AA_3A65_4431_9865_4B5B0CF373C9) NOT NULL NULL_TO_DEFAULT SEQUENCE PUBLIC.SYSTEM_SEQUENCE_1C31A6AA_3A65_4431_9865_4B5B0CF373C9,
    NAME TEXT,
    MAIN BOOLEAN,
    CHILD_IDS TEXT,
    EXECUTOR_PHONE_NUMBER TEXT
);   
ALTER TABLE PUBLIC.CATEGORIES ADD CONSTRAINT PUBLIC.CONSTRAINT_6A PRIMARY KEY(ID);             
-- 35 +/- SELECT COUNT(*) FROM PUBLIC.CATEGORIES;              
INSERT INTO PUBLIC.CATEGORIES(ID, NAME, MAIN, CHILD_IDS, EXECUTOR_PHONE_NUMBER) VALUES
(1, STRINGDECODE('\u041a\u0421\u041a'), TRUE, '2,3,4,5', NULL),
(2, STRINGDECODE('\u0412\u043e\u0434\u043e-, \u0442\u0435\u043f\u043b\u043e-, \u044d\u043b\u0435\u043a\u0442\u0440\u043e-, \u0433\u0430\u0437\u043e\u0441\u043d\u0430\u0431\u0436\u0435\u043d\u0438\u0435'), FALSE, '0', NULL),
(3, STRINGDECODE('\u041b\u0438\u0444\u0442'), FALSE, '0', NULL),
(4, STRINGDECODE('\u0420\u0435\u043c\u043e\u043d\u0442 \u0438 \u0441\u043e\u0434\u0435\u0440\u0436\u0430\u043d\u0438\u0435 \u0434\u043e\u043c\u043e\u0432'), FALSE, '0', NULL),
(5, STRINGDECODE('\u0416\u0430\u043b\u043e\u0431\u044b \u043d\u0430 \u041a\u0421\u041a'), FALSE, '0', NULL),
(6, STRINGDECODE('\u0411\u043b\u0430\u0433\u043e\u0443\u0441\u0442\u0440\u043e\u0439\u0441\u0442\u0432\u043e \u0434\u0432\u043e\u0440\u043e\u0432'), TRUE, '7,8,9', NULL),
(7, STRINGDECODE('\u0417\u0430\u044f\u0432\u043a\u0430 \u043d\u0430 \u0431\u043b\u0430\u0433\u043e\u0443\u0441\u0442\u0440\u043e\u0439\u0441\u0442\u0432\u043e'), FALSE, '0', NULL),
(8, STRINGDECODE('\u0420\u0435\u043c\u043e\u043d\u0442 \u0434\u0435\u0442\u0441\u043a\u0438\u0445 \u043f\u043b\u043e\u0449\u0430\u0434\u043e\u043a'), FALSE, '0', NULL),
(9, STRINGDECODE('\u041e\u0442\u043a\u0440\u044b\u0442\u044b\u0435 \u043a\u043e\u043b\u043e\u0434\u0446\u044b'), FALSE, '0', NULL),
(10, STRINGDECODE('\u0411\u043b\u0430\u0433\u043e\u0443\u0441\u0442\u0440\u043e\u0439\u0441\u0442\u0432\u043e \u0441\u043a\u0432\u0435\u0440\u043e\u0432'), TRUE, '0', NULL),
(11, STRINGDECODE('\u0423\u0431\u043e\u0440\u043a\u0430'), TRUE, '12,13,14', NULL),
(12, STRINGDECODE('\u0423\u0431\u043e\u0440\u043a\u0430 \u0434\u0432\u043e\u0440\u043e\u0432\u043e\u0439 \u0442\u0435\u0440\u0440\u0438\u0442\u043e\u0440\u0438\u0439'), FALSE, '0', NULL),
(13, STRINGDECODE('\u0423\u0431\u043e\u0440\u043a\u0430 \u0443\u043b\u0438\u0446 \u0438 \u043f\u0440\u043e\u0441\u043f\u0435\u043a\u0442\u043e\u0432'), FALSE, '0', NULL),
(14, STRINGDECODE('\u0423\u0431\u043e\u0440\u043a\u0430 \u0441\u043a\u0432\u0435\u0440\u043e\u0432'), FALSE, '0', NULL),
(15, STRINGDECODE('\u041e\u0431\u0449\u0435\u0441\u0442\u0432\u0435\u043d\u043d\u044b\u0439 \u0442\u0440\u0430\u043d\u0441\u043f\u043e\u0440\u0442'), TRUE, '16,17,18', NULL),
(16, STRINGDECODE('\u041e\u0441\u0442\u0430\u043d\u043e\u0432\u043a\u0438'), FALSE, '0', NULL),
(17, STRINGDECODE('\u041c\u0430\u0440\u0448\u0440\u0443\u0442\u044b'), FALSE, '0', NULL),
(18, STRINGDECODE('\u0416\u0430\u043b\u043e\u0431\u044b'), FALSE, '0', NULL),
(19, STRINGDECODE('\u041f\u0440\u0430\u0432\u043e\u043f\u043e\u0440\u044f\u0434\u043e\u043a'), TRUE, '0', NULL),
(20, STRINGDECODE('\u0414\u043e\u0440\u043e\u0433\u0438'), TRUE, '0', NULL),
(21, STRINGDECODE('\u0422\u0440\u043e\u0442\u0443\u0430\u0440'), TRUE, '0', NULL),
(22, STRINGDECODE('\u041e\u0441\u0432\u0435\u0449\u0435\u043d\u0438\u0435'), TRUE, '0', NULL),
(23, STRINGDECODE('\u041f\u0430\u0432\u043e\u0434\u043a\u0438'), TRUE, '24,25,26', NULL),
(24, STRINGDECODE('\u041e\u0442\u043a\u0430\u0447\u0430 \u0432\u043e\u0434\u044b'), FALSE, '27,28', NULL),
(25, STRINGDECODE('\u0414\u0440\u0435\u0441\u0432\u0430'), FALSE, '0', NULL),
(26, STRINGDECODE('\u0412\u044b\u0432\u043e\u0437 \u0441\u043d\u0435\u0433\u0430'), FALSE, '29,30', NULL),
(27, STRINGDECODE('\u0427\u0430\u0441\u0442\u043d\u044b\u0439 \u0441\u0435\u043a\u0442\u043e\u0440'), FALSE, '0', NULL),
(28, STRINGDECODE('\u0412\u043d\u0443\u0442\u0440\u0438\u043a\u0432\u0430\u0440\u0442\u0430\u043b\u044c\u043d\u044b\u0435'), FALSE, '0', NULL),
(29, STRINGDECODE('\u0427\u0430\u0441\u0442\u043d\u044b\u0439 \u0441\u0435\u043a\u0442\u043e\u0440'), FALSE, '0', NULL),
(30, STRINGDECODE('\u0412\u043d\u0443\u0442\u0440\u0438\u043a\u0432\u0430\u0440\u0442\u0430\u043b\u044c\u043d\u044b\u0435'), FALSE, '0', NULL),
(31, STRINGDECODE('\u0414\u0435\u0440\u0430\u0442\u0438\u0437\u0430\u0446\u0438\u044f \u0438 \u0434\u0435\u0437\u0438\u043d\u0441\u0435\u043a\u0446\u0438\u044f'), TRUE, '32,33', NULL),
(32, STRINGDECODE('\u0416\u0438\u043b\u044b\u0435 \u0434\u043e\u043c\u0430'), FALSE, '0', NULL);           
INSERT INTO PUBLIC.CATEGORIES(ID, NAME, MAIN, CHILD_IDS, EXECUTOR_PHONE_NUMBER) VALUES
(33, STRINGDECODE('\u0422\u0435\u0440\u0440\u0438\u0442\u043e\u0440\u0438\u044f \u0440\u0430\u0439\u043e\u043d\u0430'), FALSE, '0', NULL),
(34, STRINGDECODE('\u0420\u0435\u043c\u043e\u043d\u0442 \u0442\u0440\u043e\u0442\u0443\u0430\u0440\u043e\u0432, \u0444\u043e\u043d\u0442\u0430\u043d\u043e\u0432 \u0438 \u043f\u043e\u0434\u0437\u0435\u043c\u043d\u044b\u0445 \u043f\u0435\u0440\u0435\u0445\u043e\u0434\u043e\u0432'), TRUE, '0', NULL),
(35, STRINGDECODE('\u0418\u043d\u0444\u0440\u0430\u0441\u0442\u0440\u0443\u043a\u0442\u0443\u0440\u0430'), TRUE, '36,37,38', NULL);               
