;             
CREATE USER IF NOT EXISTS USER SALT 'b201f241cb21b9c8' HASH '0733ae8cc49efe91aacd564933c24cb609465b08645363b7c2335776dd7c7443' ADMIN;         
CREATE SEQUENCE PUBLIC.SYSTEM_SEQUENCE_D115B42E_37F1_4243_9D2C_AA6117AE60C0 START WITH 128 BELONGS_TO_TABLE;  
CREATE SEQUENCE PUBLIC.SYSTEM_SEQUENCE_23A0BA9D_803C_4A84_89BD_EA8F6B8DE7D8 START WITH 138 BELONGS_TO_TABLE;  
CREATE SEQUENCE PUBLIC.SYSTEM_SEQUENCE_A0B678AC_73D2_4C0F_B14B_E8E16F1AA448 START WITH 136 BELONGS_TO_TABLE;  
CREATE SEQUENCE PUBLIC.SYSTEM_SEQUENCE_25BAD5F1_2256_4299_8CCF_4BF03966FEE6 START WITH 132 BELONGS_TO_TABLE;  
CREATE SEQUENCE PUBLIC.SYSTEM_SEQUENCE_1FCC4112_17DF_4F70_BB3A_85FF06976C0E START WITH 75 BELONGS_TO_TABLE;   
CREATE SEQUENCE PUBLIC.SYSTEM_SEQUENCE_978BCEE7_4FE1_4449_81B9_62D830357CDD START WITH 113 BELONGS_TO_TABLE;  
CREATE CACHED TABLE PUBLIC.USER(
    ID INT NOT NULL,
    CHAT_ID BIGINT
);
ALTER TABLE PUBLIC.USER ADD CONSTRAINT PUBLIC.CONSTRAINT_2 PRIMARY KEY(ID);   
-- 0 +/- SELECT COUNT(*) FROM PUBLIC.USER;    
CREATE CACHED TABLE PUBLIC.COMMAND(
    ID INT DEFAULT (NEXT VALUE FOR PUBLIC.SYSTEM_SEQUENCE_D115B42E_37F1_4243_9D2C_AA6117AE60C0) NOT NULL NULL_TO_DEFAULT SEQUENCE PUBLIC.SYSTEM_SEQUENCE_D115B42E_37F1_4243_9D2C_AA6117AE60C0,
    COMMAND_TYPE_ID INT,
    MESSAGE_ID INT
);         
ALTER TABLE PUBLIC.COMMAND ADD CONSTRAINT PUBLIC.CONSTRAINT_6 PRIMARY KEY(ID);
-- 57 +/- SELECT COUNT(*) FROM PUBLIC.COMMAND;
INSERT INTO PUBLIC.COMMAND(ID, COMMAND_TYPE_ID, MESSAGE_ID) VALUES
(1, 1, 1),
(2, 27, 0),
(3, 28, 0),
(4, 1, 15),
(5, 1, 16),
(6, 1, 18),
(7, 1, 19),
(8, 1, 20),
(9, 1, 22),
(10, 1, 23),
(11, 1, 24),
(12, 1, 25),
(13, 1, 26),
(14, 1, 27),
(15, 1, 18),
(16, 1, 29),
(17, 1, 30),
(18, 1, 32),
(19, 2, 32),
(20, 1, 33),
(21, 2, 33),
(22, 1, 34),
(23, 1, 35),
(24, 2, 35),
(25, 1, 36),
(26, 1, 37),
(27, 2, 37),
(28, 1, 38),
(29, 2, 38),
(30, 1, 39),
(31, 2, 39),
(32, 1, 40),
(33, 2, 40),
(34, 1, 41),
(35, 1, 42),
(36, 2, 42),
(64, 1, 72),
(65, 2, 72),
(66, 1, 73),
(67, 2, 73),
(68, 1, 74),
(69, 2, 74),
(70, 1, 75),
(71, 2, 75),
(96, 1, 104),
(97, 2, 104),
(98, 1, 105),
(99, 1, 106),
(100, 2, 106),
(101, 1, 107),
(102, 2, 107),
(103, 1, 108),
(104, 2, 108),
(105, 1, 109),
(106, 2, 109),
(107, 1, 110),
(108, 2, 110);  
CREATE CACHED TABLE PUBLIC.BUTTON(
    ID INT DEFAULT (NEXT VALUE FOR PUBLIC.SYSTEM_SEQUENCE_25BAD5F1_2256_4299_8CCF_4BF03966FEE6) NOT NULL NULL_TO_DEFAULT SEQUENCE PUBLIC.SYSTEM_SEQUENCE_25BAD5F1_2256_4299_8CCF_4BF03966FEE6,
    TEXT TEXT,
    COMMAND_ID INT,
    URL TEXT,
    REQUEST_CONTACT BOOLEAN,
    BOT_ID INT
);      
ALTER TABLE PUBLIC.BUTTON ADD CONSTRAINT PUBLIC.CONSTRAINT_7 PRIMARY KEY(ID); 
-- 50 +/- SELECT COUNT(*) FROM PUBLIC.BUTTON; 
INSERT INTO PUBLIC.BUTTON(ID, TEXT, COMMAND_ID, URL, REQUEST_CONTACT, BOT_ID) VALUES
(1, '/start', 1, NULL, FALSE, 0),
(2, STRINGDECODE('\ud83e\udd16 \u041c\u043e\u0438 \u0431\u043e\u0442\u044b'), 2, NULL, FALSE, 0),
(3, STRINGDECODE('\u2733\ufe0f \u0414\u043e\u0431\u0430\u0432\u0438\u0442\u044c \u0431\u043e\u0442\u0430'), 3, NULL, FALSE, 0),
(4, STRINGDECODE('\u0414\u043e\u0431\u0430\u0432\u0438\u0442\u044c \u043a\u043d\u043e\u043f\u043a\u0443'), 0, NULL, FALSE, 0),
(5, STRINGDECODE('\u041f\u043e\u043c\u0435\u043d\u044f\u0442\u044c \u043c\u0435\u0441\u0442\u0430\u043c\u0438'), 0, NULL, FALSE, 0),
(6, STRINGDECODE('\u0418\u0437\u043c\u0435\u043d\u0438\u0442\u044c'), 0, NULL, FALSE, 0),
(7, STRINGDECODE('\u0411\u0435\u0437 \u0444\u043e\u0442\u043e'), 0, NULL, FALSE, -1),
(10, STRINGDECODE('\u0414\u0430'), 0, NULL, FALSE, 0),
(11, STRINGDECODE('\u041d\u0435\u0442'), 0, NULL, FALSE, 0),
(19, STRINGDECODE('\ud83d\udd1c \u041e BotMother'), 15, NULL, FALSE, 0),
(20, STRINGDECODE('\ud83d\udd1c \u041e\u0431\u0443\u0447\u0435\u043d\u0438\u0435'), 15, NULL, FALSE, 0),
(21, STRINGDECODE('\ud83d\udd1c \u041e\u0431\u0440\u0430\u0442\u043d\u0430\u044f \u0441\u0432\u044f\u0437\u044c'), 15, NULL, FALSE, 0),
(22, STRINGDECODE('\ud83d\udd19 \u041d\u0430\u0437\u0430\u0434'), 1, NULL, FALSE, 0),
(23, 'Change start', 19, NULL, FALSE, 0),
(24, STRINGDECODE('\u0413\u0440\u0443\u043f\u043f\u0430'), 0, 'https://t.me/joinchat/AAAAAAj8YCmqkPgb1dhZEg', FALSE, 43),
(25, 'Change start', 21, NULL, FALSE, 0),
(26, 'Admin', 22, NULL, FALSE, 9),
(27, '/start', 23, NULL, FALSE, 10),
(28, 'Change start', 24, NULL, FALSE, 10),
(29, 'Admin', 25, NULL, FALSE, 10),
(30, STRINGDECODE('\u041e \u043d\u0430\u0441'), 26, NULL, FALSE, 10),
(31, 'Change start', 27, NULL, FALSE, 10),
(32, STRINGDECODE('\u0413\u0440\u0443\u043f\u043f\u0430'), 0, 'https://t.me/joinchat/AAAAAAsGtGcJ0MNe2RJu_g', FALSE, 11),
(33, STRINGDECODE('change \u0411\u043b\u0438\u0436\u0430\u0439\u0448\u0435\u0435 \u043c\u0435\u0440\u043e\u043f\u0440\u0438\u044f\u0442\u0438\u0435'), 29, NULL, FALSE, 10),
(34, STRINGDECODE('\ud83d\udcde\u041a\u043e\u043d\u0442\u0430\u043a\u0442\u044b'), 30, NULL, FALSE, 10),
(35, STRINGDECODE('change \ud83d\udcde\u041a\u043e\u043d\u0442\u0430\u043a\u0442\u044b'), 31, NULL, FALSE, 10),
(36, '/start', 32, NULL, FALSE, 11),
(37, 'Change start', 33, NULL, FALSE, 11),
(38, 'Admin', 34, NULL, FALSE, 11),
(68, STRINGDECODE('\u2139 \u041e \u043d\u0430\u0441'), 64, NULL, FALSE, 11),
(69, STRINGDECODE('change \u2139 \u041e \u043d\u0430\u0441'), 65, NULL, FALSE, 11),
(70, STRINGDECODE('\ud83d\udc65 \u0413\u0440\u0443\u043f\u043f\u0430'), 66, NULL, FALSE, 11),
(71, STRINGDECODE('change \u0413\u0440\u0443\u043f\u043f\u0430'), 67, NULL, FALSE, 11),
(72, STRINGDECODE('\ud83d\udcc4 \u041e\u0441\u0442\u0430\u0432\u0438\u0442\u044c \u0437\u0430\u044f\u0432\u043a\u0443'), 68, NULL, FALSE, 11),
(73, STRINGDECODE('change \ud83d\udcc4 \u041e\u0441\u0442\u0430\u0432\u0438\u0442\u044c \u0437\u0430\u044f\u0432\u043a\u0443'), 69, NULL, FALSE, 11),
(74, STRINGDECODE('\ud83d\udcde \u041a\u043e\u043d\u0442\u0430\u043a\u0442\u044b'), 70, NULL, FALSE, 11),
(75, STRINGDECODE('change \ud83d\udcde \u041a\u043e\u043d\u0442\u0430\u043a\u0442\u044b'), 71, NULL, FALSE, 11),
(100, '/start', 96, NULL, FALSE, 43),
(101, 'Change start', 97, NULL, FALSE, 43),
(102, 'Admin', 98, NULL, FALSE, 43),
(103, STRINGDECODE('\ud83d\udcc4 \u041e\u0441\u0442\u0430\u0432\u0438\u0442\u044c \u0437\u0430\u044f\u0432\u043a\u0443'), 99, NULL, FALSE, 43),
(104, STRINGDECODE('change \ud83d\udcc4 \u041e\u0441\u0442\u0430\u0432\u0438\u0442\u044c \u0437\u0430\u044f\u0432\u043a\u0443'), 100, NULL, FALSE, 43),
(105, STRINGDECODE('\ud83d\udc65 \u0413\u0440\u0443\u043f\u043f\u0430'), 101, NULL, FALSE, 43),
(106, STRINGDECODE('change \ud83d\udc65 \u0413\u0440\u0443\u043f\u043f\u0430'), 102, NULL, FALSE, 43),
(107, STRINGDECODE('\ud83d\udcde \u041a\u043e\u043d\u0442\u0430\u043a\u0442\u044b'), 103, NULL, FALSE, 43),
(108, STRINGDECODE('change \ud83d\udcde \u041a\u043e\u043d\u0442\u0430\u043a\u0442\u044b'), 104, NULL, FALSE, 43),
(109, STRINGDECODE('\ud83c\udd95 \u041d\u043e\u0432\u043e\u0441\u0442\u0438'), 105, NULL, FALSE, 43);   
INSERT INTO PUBLIC.BUTTON(ID, TEXT, COMMAND_ID, URL, REQUEST_CONTACT, BOT_ID) VALUES
(110, STRINGDECODE('change \ud83c\udd95 \u041d\u043e\u0432\u043e\u0441\u0442\u0438'), 106, NULL, FALSE, 43),
(111, STRINGDECODE('\ud83d\udc64 \u0417\u0430\u043f\u0438\u0441\u0430\u0442\u044c\u0441\u044f \u043d\u0430 \u043f\u0440\u0438\u0435\u043c'), 107, NULL, FALSE, 43),
(112, STRINGDECODE('change \ud83d\udc64 \u0417\u0430\u043f\u0438\u0441\u0430\u0442\u044c\u0441\u044f \u043d\u0430 \u043f\u0440\u0438\u0435\u043c'), 108, NULL, FALSE, 43);           
CREATE CACHED TABLE PUBLIC.KEYBOARD(
    ID INT DEFAULT (NEXT VALUE FOR PUBLIC.SYSTEM_SEQUENCE_978BCEE7_4FE1_4449_81B9_62D830357CDD) NOT NULL NULL_TO_DEFAULT SEQUENCE PUBLIC.SYSTEM_SEQUENCE_978BCEE7_4FE1_4449_81B9_62D830357CDD,
    BUTTON_IDS TEXT,
    INLINE BOOLEAN,
    COMMENT TEXT
);         
ALTER TABLE PUBLIC.KEYBOARD ADD CONSTRAINT PUBLIC.CONSTRAINT_4 PRIMARY KEY(ID);               
-- 15 +/- SELECT COUNT(*) FROM PUBLIC.KEYBOARD;               
INSERT INTO PUBLIC.KEYBOARD(ID, BUTTON_IDS, INLINE, COMMENT) VALUES
(1, '19,2;20,21', FALSE, 'main'),
(2, '3', FALSE, 'my bots'),
(3, '7', TRUE, 'no photo'),
(5, '10,11', TRUE, 'yes no'),
(10, '20,21', FALSE, 'main4'),
(11, '3,22', FALSE, 'add bot and back'),
(12, '32', TRUE, 'bot11 group'),
(13, '24', TRUE, 'bot43 group'),
(14, '23', FALSE, 'admin9'),
(15, '28;28;33;35', FALSE, 'admin10'),
(16, '30,32;34', FALSE, 'main10'),
(17, '37;69;71;73;75', FALSE, 'admin11'),
(49, '68,70;72,74', FALSE, 'main11'),
(81, '101;104;106;108;110;112', FALSE, 'admin43'),
(82, '103,105;107,109;111', FALSE, 'main43');  
CREATE CACHED TABLE PUBLIC.MEMBER(
    ID INT DEFAULT (NEXT VALUE FOR PUBLIC.SYSTEM_SEQUENCE_23A0BA9D_803C_4A84_89BD_EA8F6B8DE7D8) NOT NULL NULL_TO_DEFAULT SEQUENCE PUBLIC.SYSTEM_SEQUENCE_23A0BA9D_803C_4A84_89BD_EA8F6B8DE7D8,
    USER_ID BIGINT,
    CHAT_ID BIGINT,
    NAVIKI TEXT,
    NISHA TEXT,
    USER_NAME TEXT,
    COMPANY_NAME TEXT,
    CONTACT TEXT,
    FIO TEXT,
    FIRST_NAME TEXT,
    LAST_NAME TEXT,
    PHONE_NUMBER TEXT
);          
ALTER TABLE PUBLIC.MEMBER ADD CONSTRAINT PUBLIC.CONSTRAINT_8 PRIMARY KEY(ID); 
-- 0 +/- SELECT COUNT(*) FROM PUBLIC.MEMBER;  
CREATE CACHED TABLE PUBLIC.MESSAGE(
    ID INT DEFAULT (NEXT VALUE FOR PUBLIC.SYSTEM_SEQUENCE_A0B678AC_73D2_4C0F_B14B_E8E16F1AA448) NOT NULL NULL_TO_DEFAULT SEQUENCE PUBLIC.SYSTEM_SEQUENCE_A0B678AC_73D2_4C0F_B14B_E8E16F1AA448,
    TEXT TEXT,
    PHOTO TEXT,
    KEYBOARD_ID INT
); 
ALTER TABLE PUBLIC.MESSAGE ADD CONSTRAINT PUBLIC.CONSTRAINT_63 PRIMARY KEY(ID);               
-- 53 +/- SELECT COUNT(*) FROM PUBLIC.MESSAGE;
INSERT INTO PUBLIC.MESSAGE(ID, TEXT, PHOTO, KEYBOARD_ID) VALUES
(1, STRINGDECODE('\u0413\u043b\u0430\u0432\u043d\u043e\u0435 \u043c\u0435\u043d\u044e'), NULL, 1),
(2, STRINGDECODE('\u0423 \u0432\u0430\u0441 \u043d\u0435\u0442 \u0431\u043e\u0442\u043e\u0432'), NULL, 2),
(3, STRINGDECODE('\u041d\u0430\u043f\u0438\u0448\u0438\u0442\u0435 \u0438\u043c\u044f \u0431\u043e\u0442\u0430'), NULL, 0),
(4, STRINGDECODE('\u041e\u0442\u043f\u0440\u0430\u0432\u044c\u0442\u0435 \u043f\u043e\u0436\u0430\u043b\u0443\u0439\u0441\u0442\u0430 \u0442\u043e\u043a\u0435\u043d \u0431\u043e\u0442\u0430'), NULL, 0),
(5, STRINGDECODE('\u0412\u0430\u0448 \u0431\u043e\u0442 \u0432\u043a\u043b\u044e\u0447\u0435\u043d'), NULL, 0),
(6, STRINGDECODE('\u0427\u0442\u043e \u0442\u043e \u043f\u043e\u0448\u043b\u043e \u043d\u0435 \u0442\u0430\u043a, \u043f\u043e\u043f\u0440\u043e\u0431\u0443\u0439\u0442\u0435 \u0435\u0449\u0435 \u0440\u0430\u0437, \u043e\u0442\u043f\u0440\u0430\u0432\u044c\u0442\u0435 \u043f\u043e\u0436\u0430\u043b\u0443\u0439\u0441\u0442\u0430 \u0442\u043e\u043a\u0435\u043d'), NULL, 0),
(7, STRINGDECODE('\u041a\u043e\u043c\u0430\u043d\u0434\u0430 \u043d\u0435 \u0440\u0430\u0441\u043f\u043e\u0437\u043d\u0430\u043d\u043e, \u0438\u043b\u0438 \u043d\u0435 \u0443\u0434\u0430\u043b\u043e\u0441\u044c \u043e\u0431\u0440\u0430\u0431\u043e\u0442\u0430\u0442\u044c \u0438\u043d\u0444\u043e\u0440\u043c\u0430\u0446\u0438\u044e'), NULL, 1),
(8, STRINGDECODE('\u0412\u044b\u0431\u0435\u0440\u0438\u0442\u0435 \u0431\u043e\u0442\u0430'), NULL, 11),
(9, STRINGDECODE('\u0412\u044b\u0431\u0435\u0440\u0438\u0442\u0435 \u0434\u0435\u0439\u0441\u0442\u0432\u0438\u0435'), NULL, 0),
(10, STRINGDECODE('\u0427\u0442\u043e \u0442\u043e \u043f\u043e\u0448\u043b\u043e \u043d\u0435 \u0442\u0430\u043a, \u043f\u043e\u043f\u0440\u043e\u0431\u0443\u0439 \u0435\u0449\u0435 \u0440\u0430\u0437 \u0432\u044b\u0431\u0440\u0430\u0442\u044c \u0431\u043e\u0442\u0430'), NULL, 0),
(11, STRINGDECODE('\u0412\u0432\u0435\u0434\u0438\u0442\u0435 \u043d\u0430\u0437\u0432\u0430\u043d\u0438\u0435'), NULL, 0),
(12, STRINGDECODE('\u0412\u044b\u0431\u0435\u0440\u0438\u0442\u0435 \u0442\u0438\u043f'), NULL, 0),
(13, STRINGDECODE('\u0412\u0432\u0435\u0434\u0438\u0442\u0435 \u0441\u043e\u043e\u0431\u0449\u0435\u043d\u0438\u0435'), NULL, 0),
(14, STRINGDECODE('\u041e\u0442\u043f\u0440\u0430\u0432\u044c\u0442\u0435 \u0444\u043e\u0442\u043e'), NULL, 3),
(15, STRINGDECODE('\u0418\u0437\u043c\u0435\u043d\u0435\u043d\u0438\u044f \u0441\u043e\u0445\u0440\u0430\u043d\u0435\u043d\u044b'), NULL, 0),
(16, STRINGDECODE('\u0422\u0435\u0441\u0442\u043e\u0432\u043e\u0435 \u0441\u043e\u043e\u0431\u0449\u0435\u043d\u0438\u0435'), NULL, 0),
(17, 'is new row?', NULL, 5),
(18, STRINGDECODE('\u0414\u0430\u043d\u043d\u0430\u044f \u0444\u0443\u043d\u043a\u0446\u0438\u044f \u0435\u0449\u0435 \u043d\u0435 \u0440\u0435\u0430\u043b\u0438\u0437\u043e\u0432\u0430\u043d\u0430'), NULL, 0),
(19, STRINGDECODE('\u0441\u043e\u043e\u0431\u0449 1124'), NULL, 0),
(20, STRINGDECODE('\u0441\u043e\u043e\u0431\u0449 1129'), NULL, 4),
(21, STRINGDECODE('\u0423 \u0432\u0430\u0441 \u0435\u0449\u0435 \u043d\u0435\u0442 \u043a\u043d\u043e\u043f\u043e\u043a, \u0438\u0434\u0438\u0442\u0435 \u0432 @q_mother_bot \u0438 \u043d\u0430\u0441\u0442\u0440\u043e\u0439\u0442\u0435 \u0441\u0435\u0431\u0435 \u0431\u043e\u0442\u0430'), NULL, 0),
(22, STRINGDECODE('\u0421\u043a\u043e\u0440\u043e \u0441\u043e\u0431\u0440\u0430\u043d\u0438\u0435'), NULL, 6),
(23, STRINGDECODE('\u0418\u043b\u0438 \u0430\u043b'), NULL, 6),
(24, STRINGDECODE('\u0412\u0442\u043e\u0440\u043e\u0435 \u0441\u0442\u0430\u0440\u0442'), NULL, 0),
(25, 'Test message', NULL, 7),
(26, 'Test message', NULL, 7),
(27, 'Test message', NULL, 8),
(28, 'Test message', NULL, 9),
(29, 'Mresf', NULL, 10),
(30, '666877', NULL, 10),
(31, STRINGDECODE('\u0418\u0437\u043c\u0435\u043d\u0438\u0442\u0435 \u044d\u0442\u0443 \u0438\u043d\u0444\u043e\u0440\u043c\u0430\u0446\u0438\u044e \u0432 \u0430\u0434\u043c\u0438\u043d\u043a\u0435'), NULL, 0),
(32, STRINGDECODE('\u0418\u0437\u043c\u0435\u043d\u0438\u0442\u0435 \u044d\u0442\u0443 \u0438\u043d\u0444\u043e\u0440\u043c\u0430\u0446\u0438\u044e \u0432 \u0430\u0434\u043c\u0438\u043d\u043a\u0435'), NULL, 0);
INSERT INTO PUBLIC.MESSAGE(ID, TEXT, PHOTO, KEYBOARD_ID) VALUES
(33, STRINGDECODE('\u0418\u0437\u043c\u0435\u043d\u0438\u0442\u0435 \u044d\u0442\u0443 \u0438\u043d\u0444\u043e\u0440\u043c\u0430\u0446\u0438\u044e \u0432 \u0430\u0434\u043c\u0438\u043d\u043a\u0435'), NULL, 0),
(34, 'Admin mode', NULL, 14),
(35, 'Yay', 'AgADAgAD1qcxGyOCmEtQ8MviFXRKVIJQtw0ABIYRshXR-v23kjYCAAEC', 0),
(36, 'Admin mode', NULL, 15),
(37, STRINGDECODE('\u0418\u0437\u043c\u0435\u043d\u0438\u0442\u0435 \u044d\u0442\u0443 \u0438\u043d\u0444\u043e\u0440\u043c\u0430\u0446\u0438\u044e \u0432 \u0430\u0434\u043c\u0438\u043d\u043a\u0435'), NULL, 16),
(38, STRINGDECODE('\u0412\u0441\u0442\u0440\u0435\u0447\u0430 \u0441 \u0438\u043d\u0432\u0435\u0441\u0442\u043e\u0440\u043e\u043c'), NULL, 16),
(39, STRINGDECODE('\u0422\u0435\u043b 33567'), NULL, 16),
(40, STRINGDECODE('\u0418\u0437\u043c\u0435\u043d\u0438\u0442\u0435 \u044d\u0442\u0443 \u0438\u043d\u0444\u043e\u0440\u043c\u0430\u0446\u0438\u044e \u0432 \u0430\u0434\u043c\u0438\u043d\u043a\u0435'), NULL, 0),
(41, 'Admin mode', NULL, 17),
(42, STRINGDECODE('\u0418\u0437\u043c\u0435\u043d\u0438\u0442\u0435 \u044d\u0442\u0443 \u0438\u043d\u0444\u043e\u0440\u043c\u0430\u0446\u0438\u044e \u0432 \u0430\u0434\u043c\u0438\u043d\u043a\u0435'), NULL, 18),
(72, STRINGDECODE('\u0423\u043f\u0440\u0430\u0432\u043b\u044f\u044e\u0449\u0430\u044f \u043a\u043e\u043c\u043f\u0430\u043d\u0438\u044f \u00abMobil Realty Management Company\u00bb \u0437\u0430\u043d\u0438\u043c\u0430\u0435\u0442\u0441\u044f \u043a\u043e\u043c\u043f\u043b\u0435\u043a\u0441\u043d\u044b\u043c \u0443\u043f\u0440\u0430\u0432\u043b\u0435\u043d\u0438\u0435\u043c \u043a\u043e\u043c\u043c\u0435\u0440\u0447\u0435\u0441\u043a\u043e\u0439 \u043d\u0435\u0434\u0432\u0438\u0436\u0438\u043c\u043e\u0441\u0442\u0438 \u0441 2006 \u0433\u043e\u0434\u0430. \u0423\u041a \u00abMobil Realty Management Company\u00bb \u2013 \u043e\u0434\u043d\u0430 \u0438\u0437 \u043f\u0440\u043e\u0444\u0435\u0441\u0441\u0438\u043e\u043d\u0430\u043b\u044c\u043d\u044b\u0445 \u043a\u043e\u043c\u043f\u0430\u043d\u0438\u0439 \u0432 \u041a\u0430\u0437\u0430\u0445\u0441\u0442\u0430\u043d\u0435, \u0438\u043c\u0435\u044e\u0449\u0430\u044f \u043d\u0430 \u0441\u0435\u0433\u043e\u0434\u043d\u044f\u0448\u043d\u0438\u0439 \u0434\u0435\u043d\u044c \u043d\u0435\u0441\u043a\u043e\u043b\u044c\u043a\u043e \u0411\u0438\u0437\u043d\u0435\u0441 \u0446\u0435\u043d\u0442\u0440\u043e\u0432 \u043f\u043e\u0434 \u0443\u043f\u0440\u0430\u0432\u043b\u0435\u043d\u0438\u0435\u043c.'), 'AgADAgADracxG8WOuEufCtLQEArYTt07tw0ABG89JVBeKoFJFFACAAEC', 49),
(73, STRINGDECODE('\u041d\u0430\u0436\u043c\u0438\u0442\u0435 \u043a\u043d\u043e\u043f\u043a\u0443 \u043d\u0438\u0436\u0435 \u0447\u0442\u043e \u0431\u044b \u043e\u0442\u043a\u0440\u044b\u0442\u044c \u0433\u0440\u0443\u043f\u043f\u0443 (\u044d\u0442\u043e \u0441\u043e\u043e\u0431\u0449\u0435\u043d\u0438\u0435 \u043c\u043e\u0436\u043d\u043e \u0438\u0437\u043c\u0435\u043d\u0438\u0442\u044c  \u0432 \u0430\u0434\u043c\u0438\u043d \u043f\u0430\u043d\u0435\u043b\u0438)'), NULL, 12),
(74, STRINGDECODE('\u0414\u0430\u043d\u043d\u0430\u044f \u0444\u0443\u043d\u043a\u0446\u0438\u044f \u043d\u0435 \u0434\u043e\u0441\u0442\u0443\u043f\u043d\u0430 \u0432 \u0434\u0435\u043c\u043e \u0432\u0435\u0440\u0441\u0438\u0438'), NULL, 49),
(75, STRINGDECODE('\u0423\u043f\u0440\u0430\u0432\u043b\u044f\u044e\u0449\u0430\u044f \u043a\u043e\u043c\u043f\u0430\u043d\u0438\u044f \u00abMobil Realty Management Company\u00bb\n\u041a\u0430\u0437\u0430\u0445\u0441\u0442\u0430\u043d, \u0433.\u0410\u0441\u0442\u0430\u043d\u0430, \u043f\u0440. \u0410\u0431\u0430\u044f, 13;\n\u041e\u0442\u0434\u0435\u043b \u0430\u0440\u0435\u043d\u0434\u044b:\n\u0422\u0435\u043b.:  + 7 7172  47-62-34;\n+ 7 7172  47-66-20;\n+ 7 7172  47-65-22;\n\u041c\u043e\u0431.: +7 707 700 21 75;\n+7 707 700 21 38;\n+7 707 994 99 84;\ne-mail: arenda@mcmr.kz\n\u041f\u0440\u0438\u0435\u043c\u043d\u0430\u044f:\n\u0422\u0435\u043b.:  +7 7172 47-67-79;\n\u0424\u0430\u043a\u0441: +7 7172 47-67-80;\ne-mail: office@mcmr.kz'), NULL, 49),
(104, STRINGDECODE('\u0414\u043e\u0431\u0440\u043e \u043f\u043e\u0436\u0430\u043b\u043e\u0432\u0430\u0442\u044c \u043d\u0430 \u043e\u0444\u0438\u0446\u0438\u0430\u043b\u044c\u043d\u044b\u0439 \u0431\u043e\u0442 \u0430\u043a\u0438\u043c\u0430\u0442\u0430 \u0410\u0441\u0442\u0430\u043d\u044b'), NULL, 0);      
INSERT INTO PUBLIC.MESSAGE(ID, TEXT, PHOTO, KEYBOARD_ID) VALUES
(105, 'Admin mode', NULL, 81),
(106, STRINGDECODE('\u0414\u0430\u043d\u043d\u0430\u044f \u0444\u0443\u043d\u043a\u0446\u0438\u044f \u043d\u0435 \u0434\u043e\u0441\u0442\u0443\u043f\u043d\u0430 \u0432 \u0434\u0435\u043c\u043e \u0432\u0435\u0440\u0441\u0438\u0438'), NULL, 82),
(107, STRINGDECODE('\u041d\u0430\u0436\u043c\u0438\u0442\u0435 \u043a\u043d\u043e\u043f\u043a\u0443 \u043d\u0438\u0436\u0435 \u0447\u0442\u043e \u0431\u044b \u043e\u0442\u043a\u0440\u044b\u0442\u044c \u0433\u0440\u0443\u043f\u043f\u0443 (\u044d\u0442\u043e \u0441\u043e\u043e\u0431\u0449\u0435\u043d\u0438\u0435 \u043c\u043e\u0436\u043d\u043e \u0438\u0437\u043c\u0435\u043d\u0438\u0442\u044c  \u0432 \u0430\u0434\u043c\u0438\u043d \u043f\u0430\u043d\u0435\u043b\u0438)'), NULL, 13),
(108, STRINGDECODE('\u0417\u0434\u0435\u0441\u044c \u0431\u0443\u0434\u0443\u0442 \u041a\u043e\u043d\u0442\u0430\u043a\u0442\u044b (\u043c\u043e\u0436\u043d\u043e \u0443\u0441\u0442\u0430\u043d\u043e\u0432\u0438\u0442\u044c \u0432 \u0430\u0434\u043c\u0438\u043d \u043f\u0430\u043d\u0435\u043b\u0438)'), NULL, 82),
(109, STRINGDECODE('\u0418\u0437\u043c\u0435\u043d\u0438\u0442\u0435 \u044d\u0442\u0443 \u0438\u043d\u0444\u043e\u0440\u043c\u0430\u0446\u0438\u044e \u0432 \u0430\u0434\u043c\u0438\u043d\u043a\u0435'), NULL, 82),
(110, STRINGDECODE('\u0414\u0430\u043d\u043d\u0430\u044f \u0444\u0443\u043d\u043a\u0446\u0438\u044f \u043d\u0435 \u0434\u043e\u0441\u0442\u0443\u043f\u043d\u0430 \u0432 \u0434\u0435\u043c\u043e \u0432\u0435\u0440\u0441\u0438\u0438'), NULL, 82);              
CREATE CACHED TABLE PUBLIC.BOTS(
    ID INT DEFAULT (NEXT VALUE FOR PUBLIC.SYSTEM_SEQUENCE_1FCC4112_17DF_4F70_BB3A_85FF06976C0E) NOT NULL NULL_TO_DEFAULT SEQUENCE PUBLIC.SYSTEM_SEQUENCE_1FCC4112_17DF_4F70_BB3A_85FF06976C0E,
    NAME TEXT,
    TOKEN TEXT,
    OWNER_CHAT_ID BIGINT
);               
ALTER TABLE PUBLIC.BOTS ADD CONSTRAINT PUBLIC.CONSTRAINT_1 PRIMARY KEY(ID);   
-- 2 +/- SELECT COUNT(*) FROM PUBLIC.BOTS;    
INSERT INTO PUBLIC.BOTS(ID, NAME, TOKEN, OWNER_CHAT_ID) VALUES
(11, 'Mobil Realty', '339047618:AAGVCSGmuEEeolkSKlLBqXVORnyzIDag6ts', 293188753),
(43, STRINGDECODE('\u0410\u043a\u0438\u043c\u0430\u0442 \u0410\u0441\u0442\u0430\u043d\u044b'), '363622092:AAGTj3TzvYtLkt8PtF8hdiFPHlEB8n-n0rI', 293188753);               
