;             
CREATE USER IF NOT EXISTS USER SALT '0e1bdf80fe6443a7' HASH '23d60a902554ae7f6df6d99fa95dfb863585a7ddc2f0b93287109d5ffa27ef72' ADMIN;         
CREATE SEQUENCE PUBLIC.SYSTEM_SEQUENCE_D115B42E_37F1_4243_9D2C_AA6117AE60C0 START WITH 186 BELONGS_TO_TABLE;  
CREATE SEQUENCE PUBLIC.SYSTEM_SEQUENCE_23A0BA9D_803C_4A84_89BD_EA8F6B8DE7D8 START WITH 138 BELONGS_TO_TABLE;  
CREATE SEQUENCE PUBLIC.SYSTEM_SEQUENCE_99BD8E11_DE08_4577_9EFE_734F9843FCC6 START WITH 3 BELONGS_TO_TABLE;    
CREATE SEQUENCE PUBLIC.SYSTEM_SEQUENCE_A0B678AC_73D2_4C0F_B14B_E8E16F1AA448 START WITH 186 BELONGS_TO_TABLE;  
CREATE SEQUENCE PUBLIC.SYSTEM_SEQUENCE_25BAD5F1_2256_4299_8CCF_4BF03966FEE6 START WITH 192 BELONGS_TO_TABLE;  
CREATE SEQUENCE PUBLIC.SYSTEM_SEQUENCE_1FCC4112_17DF_4F70_BB3A_85FF06976C0E START WITH 110 BELONGS_TO_TABLE;  
CREATE SEQUENCE PUBLIC.SYSTEM_SEQUENCE_1C31A6AA_3A65_4431_9865_4B5B0CF373C9 START WITH 51 BELONGS_TO_TABLE;   
CREATE SEQUENCE PUBLIC.SYSTEM_SEQUENCE_978BCEE7_4FE1_4449_81B9_62D830357CDD START WITH 158 BELONGS_TO_TABLE;  
CREATE SEQUENCE PUBLIC.SYSTEM_SEQUENCE_9FAAA76B_EE9D_4609_A9CD_1C881E0AE613 START WITH 225 BELONGS_TO_TABLE;  
CREATE CACHED TABLE PUBLIC.CATEGORIES(
    ID INT DEFAULT (NEXT VALUE FOR PUBLIC.SYSTEM_SEQUENCE_1C31A6AA_3A65_4431_9865_4B5B0CF373C9) NOT NULL NULL_TO_DEFAULT SEQUENCE PUBLIC.SYSTEM_SEQUENCE_1C31A6AA_3A65_4431_9865_4B5B0CF373C9,
    NAME TEXT,
    MAIN BOOLEAN,
    CHILD_IDS TEXT,
    EXECUTOR_PHONE_NUMBER TEXT,
    AFTER_TEXT TEXT,
    DEADLINE TEXT
);  
ALTER TABLE PUBLIC.CATEGORIES ADD CONSTRAINT PUBLIC.CONSTRAINT_6A PRIMARY KEY(ID);            
-- 48 +/- SELECT COUNT(*) FROM PUBLIC.CATEGORIES;             
INSERT INTO PUBLIC.CATEGORIES(ID, NAME, MAIN, CHILD_IDS, EXECUTOR_PHONE_NUMBER, AFTER_TEXT, DEADLINE) VALUES
(7, STRINGDECODE('\u0423\u0431\u043e\u0440\u043a\u0430'), TRUE, '8,10,49,50', NULL, NULL, NULL),
(11, STRINGDECODE('\u041e\u0431\u0449\u0435\u0441\u0442\u0432\u0435\u043d\u043d\u044b\u0439 \u0442\u0440\u0430\u043d\u0441\u043f\u043e\u0440\u0442'), TRUE, '12,13,14', NULL, STRINGDECODE('\u0420\u0430\u0431\u043e\u0442\u044b \u043f\u043e \u043d\u0430\u043f\u0440\u0430\u0432\u043b\u0435\u043d\u0438\u044e \"\u041e\u0431\u0449\u0435\u0441\u0442\u0432\u0435\u043d\u043d\u044b\u0439 \u0442\u0440\u0430\u043d\u0441\u043f\u043e\u0440\u0442\" \u043d\u0430\u0445\u043e\u0434\u044f\u0442\u0441\u044f \u0432 \u043a\u043e\u043c\u043f\u0435\u0442\u0435\u043d\u0446\u0438\u0438 \u0423\u043f\u0440\u0430\u043b\u0435\u043d\u0438\u044f \u043f\u0430\u0441\u0441\u0430\u0436\u0438\u0440\u0441\u043a\u043e\u0433\u043e \u0442\u0440\u0430\u043d\u0441\u043f\u043e\u0440\u0442\u0430 \u0433\u043e\u0440\u043e\u0434\u0430 \u0410\u0441\u0442\u0430\u043d\u0430. \u041f\u0435\u0440\u0435\u043d\u0430\u043f\u0440\u0430\u0432\u043b\u0435\u043d\u0438\u0435 \u0437\u0430\u044f\u0432\u043a\u0438 \u0430\u0434\u043c\u0438\u043d\u0438\u0441\u0442\u0440\u0430\u0442\u043e\u0440\u0443 \u043f\u0440\u043e\u0433\u0440\u0430\u043c\u043c\u044b \u043e\u0441\u0443\u0449\u0435\u0441\u0442\u0432\u043b\u044f\u0435\u0442\u0441\u044f \u0441\u043e\u0442\u0440\u0443\u0434\u043d\u0438\u043a\u0430\u043c\u0438 \u0430\u043a\u0438\u043c\u0430\u0442\u0430 \u043e\u0434\u0438\u043d \u0440\u0430\u0437 \u0432 \u043d\u0435\u0434\u0435\u043b\u044e (\u043a\u0430\u0436\u0434\u0443\u044e \u043f\u044f\u0442\u043d\u0438\u0446\u0443). \u041a\u043e\u043d\u0442\u0430\u043a\u0442\u043d\u044b\u0435 \u043d\u043e\u043c\u0435\u0440\u0430 \u0423\u043f\u0440\u0430\u0432\u043b\u0435\u043d\u0438\u044f 55-67-32'), NULL),
(12, STRINGDECODE('\u041e\u0441\u0442\u0430\u043d\u043e\u0432\u043a\u0430'), FALSE, '0', '1,22', NULL, NULL),
(13, STRINGDECODE('\u041c\u0430\u0440\u0448\u0440\u0443\u0442\u044b'), FALSE, '0', '1,22', NULL, NULL),
(14, STRINGDECODE('\u0416\u0430\u043b\u043e\u0431\u044b'), FALSE, '0', '1,22', NULL, NULL),
(15, STRINGDECODE('\u0414\u043e\u0440\u043e\u0433\u0438'), TRUE, '0', '1,22', STRINGDECODE('\u0420\u0430\u0431\u043e\u0442\u044b \u043f\u043e \u043d\u0430\u043f\u0440\u0430\u0432\u043b\u0435\u043d\u0438\u044e \"\u0414\u043e\u0440\u043e\u0433\u0438\" \u043d\u0430\u0445\u043e\u0434\u044f\u0442\u0441\u044f \u0432 \u043a\u043e\u043c\u043f\u0435\u0442\u0435\u043d\u0446\u0438\u0438 \u0423\u043f\u0440\u0430\u043b\u0435\u043d\u0438\u044f \u0430\u0432\u0442\u043e\u043c\u043e\u0431\u0438\u043b\u044c\u043d\u044b\u0445 \u0434\u043e\u0440\u043e\u0433 \u0433\u043e\u0440\u043e\u0434\u0430 \u0410\u0441\u0442\u0430\u043d\u0430. \u041f\u0435\u0440\u0435\u043d\u0430\u043f\u0440\u0430\u0432\u043b\u0435\u043d\u0438\u0435 \u0437\u0430\u044f\u0432\u043a\u0438 \u0430\u0434\u043c\u0438\u043d\u0438\u0441\u0442\u0440\u0430\u0442\u043e\u0440\u0443 \u043f\u0440\u043e\u0433\u0440\u0430\u043c\u043c\u044b \u043e\u0441\u0443\u0449\u0435\u0441\u0442\u0432\u043b\u044f\u0435\u0442\u0441\u044f \u0441\u043e\u0442\u0440\u0443\u0434\u043d\u0438\u043a\u0430\u043c\u0438 \u0430\u043a\u0438\u043c\u0430\u0442\u0430 \u043e\u0434\u0438\u043d \u0440\u0430\u0437 \u0432 \u043d\u0435\u0434\u0435\u043b\u044e (\u043a\u0430\u0436\u0434\u0443\u044e \u043f\u044f\u0442\u043d\u0438\u0446\u0443). \u041a\u043e\u043d\u0442\u0430\u043a\u0442\u043d\u044b\u0435 \u043d\u043e\u043c\u0435\u0440\u0430 \u0423\u043f\u0440\u0430\u0432\u043b\u0435\u043d\u0438\u044f 55-67-31'), NULL),
(26, STRINGDECODE('\u041f\u0430\u0432\u043e\u0434\u043a\u0438'), TRUE, '27,28,29', NULL, NULL, NULL),
(30, STRINGDECODE('\u0427\u0430\u0441\u0442\u043d\u044b\u0439 \u0441\u0435\u043a\u0442\u043e\u0440'), FALSE, '0', '1,21', NULL, NULL),
(31, STRINGDECODE('\u0412\u043d\u0443\u0442\u0440\u0435\u043a\u0432\u0430\u0440\u0442\u0430\u043b\u044c\u043d\u044b\u0439'), FALSE, '0', '1,21', NULL, NULL),
(32, STRINGDECODE('\u0418\u043d\u0444\u0440\u0430\u0441\u0442\u0440\u0443\u043a\u0442\u0443\u0440\u0430'), FALSE, '33,34,35', NULL, NULL, NULL);      
INSERT INTO PUBLIC.CATEGORIES(ID, NAME, MAIN, CHILD_IDS, EXECUTOR_PHONE_NUMBER, AFTER_TEXT, DEADLINE) VALUES
(33, STRINGDECODE('\u0421\u0442\u0440\u043e\u0438\u0442\u0435\u043b\u044c\u043d\u044b\u0435 \u043e\u0431\u044a\u0435\u043a\u0442\u044b'), FALSE, '0', '1,31', NULL, NULL),
(34, STRINGDECODE('\u0421\u0430\u043c\u043e\u0437\u0430\u0445\u0432\u0430\u0442 \u0437\u0435\u043c\u0435\u043b\u044c\u043d\u044b\u0445 \u0443\u0447\u0430\u0441\u0442\u043a\u043e\u0432'), FALSE, '0', '1,31', NULL, NULL),
(35, STRINGDECODE('\u0414\u0430\u0447\u043d\u044b\u0435 \u043e\u0431\u0449\u0435\u0441\u0442\u0432\u0430'), FALSE, '0', '1,31', NULL, NULL),
(36, STRINGDECODE('\u041f\u0440\u0430\u0432\u043e\u043f\u043e\u0440\u044f\u0434\u043e\u043a'), TRUE, '0', '1,22', NULL, NULL),
(39, STRINGDECODE('\u0412\u043e\u0434\u043e\u043e\u0442\u0432\u0435\u0434\u0435\u043d\u0438\u0435'), FALSE, '0', '1,2,3,5', NULL, NULL),
(40, STRINGDECODE('\u042d\u043b\u0435\u043a\u0442\u0440\u043e\u0441\u043d\u0430\u0431\u0436\u0435\u043d\u0438\u0435'), FALSE, '0', '1,2,3,6', NULL, NULL),
(41, STRINGDECODE('\u0413\u0430\u0437\u043e\u0441\u043d\u0430\u0431\u0436\u0435\u043d\u0438\u0435'), FALSE, '0', '1,2,3,7', NULL, NULL),
(42, STRINGDECODE('\u0422\u0435\u043f\u043b\u043e\u0441\u043d\u0430\u0431\u0436\u0435\u043d\u0438\u0435'), FALSE, '0', '1,2,8,9', NULL, NULL),
(43, STRINGDECODE('\u041a\u0440\u043e\u0432\u043b\u044f'), FALSE, '0', '1,2,3', NULL, NULL),
(44, STRINGDECODE('\u0417\u0430\u0442\u043e\u043f\u043b\u0435\u043d\u0438\u0435 \u043f\u043e\u0434\u0432\u0430\u043b\u043e\u0432'), FALSE, '0', '1,2,3', NULL, NULL),
(45, STRINGDECODE('\u0421\u043d\u043e\u0441 \u0430\u0432\u0430\u0440\u0438\u0439\u043d\u043e\u0433\u043e \u0432\u0435\u0442\u0445\u043e\u0433\u043e \u0436\u0438\u043b\u044c\u044f'), FALSE, '0', '1,2,10,11', NULL, NULL),
(46, STRINGDECODE('\u0414\u0435\u0440\u0430\u0442\u0438\u0437\u0430\u0446\u0438\u044f \u0438 \u0434\u0435\u0437\u0438\u043d\u0441\u0435\u043a\u0446\u0438\u044f'), FALSE, '0', '1,2,12,13,14', NULL, NULL),
(47, STRINGDECODE('\u0416\u0430\u043b\u043e\u0431\u044b \u043d\u0430 \u041a\u0421\u041a'), FALSE, '0', '1,2,3:8:10:12', NULL, NULL),
(48, STRINGDECODE('\u0411\u043b\u0430\u0433\u043e\u0443\u0441\u0442\u0440\u043e\u0439\u0441\u0442\u0432\u043e \u0434\u0432\u043e\u0440\u043e\u0432'), FALSE, '5,6', NULL, NULL, NULL),
(1, STRINGDECODE('\u0416\u041a\u0425'), TRUE, '2,39,40,41,42,3,43,44,4,45,9,46,47', NULL, NULL, NULL),
(2, STRINGDECODE('\u0412\u043e\u0434\u043e\u0441\u043d\u0430\u0431\u0436\u0435\u043d\u0438\u0435'), FALSE, '0', '1,2,3,4', NULL, '24'),
(3, STRINGDECODE('\u041b\u0438\u0444\u0442'), FALSE, '0', '1,2,3', NULL, '24'),
(4, STRINGDECODE('\u0420\u0435\u043c\u043e\u043d\u0442 \u0434\u043e\u043c\u043e\u0432'), FALSE, '0', '1,2,10', NULL, '6'),
(5, STRINGDECODE('\u0417\u0430\u044f\u0432\u043a\u0430 \u043d\u0430 \u0431\u043b\u0430\u0433\u043e\u0443\u0441\u0442\u0440\u043e\u0439\u0441\u0442\u0432\u043e'), FALSE, '0', '1,15:16:17:18:19:20', NULL, '1'),
(6, STRINGDECODE('\u0414\u0435\u0442\u0441\u043a\u0438\u0435 \u043f\u043b\u043e\u0449\u0430\u0434\u043a\u0438'), FALSE, '0', '1,15:16:17:18:19:20', NULL, '6'),
(8, STRINGDECODE('\u0423\u043b\u0438\u0446\u044b \u0438 \u0441\u043a\u0432\u0435\u0440\u044b'), FALSE, '0', '1,21', NULL, '6'),
(10, STRINGDECODE('\u0414\u0432\u043e\u0440\u044b'), FALSE, '0', '1,15:16:17:18:19:20', NULL, '6'),
(49, STRINGDECODE('\u04e8\u043d\u0434\u0456\u0440\u0456\u0441'), FALSE, '0', '1,21,32', NULL, '6'),
(50, STRINGDECODE('\u041a\u04e9\u043a\u0442\u0430\u043b'), FALSE, '0', '1,21,33', NULL, '6'),
(9, STRINGDECODE('\u0417\u0430\u043a\u0440\u044b\u0442\u0438\u0435 \u043a\u043e\u043b\u043e\u0434\u0446\u0435\u0432'), FALSE, '0', '1,2,8', NULL, '3'),
(16, STRINGDECODE('\u0411\u043b\u0430\u0433\u043e\u0443\u0441\u0442\u0440\u043e\u0439\u0441\u0442\u0432\u043e \u0442\u0435\u0440\u0440\u0438\u0442\u043e\u0440\u0438\u0438 \u0440\u0430\u0439\u043e\u043d\u0430'), TRUE, '17,18,19,20,21,22,23,24,25,48', NULL, NULL, '1'),
(17, STRINGDECODE('\u041e\u0437\u0435\u043b\u0435\u043d\u0435\u043d\u0438\u0435'), FALSE, '0', '1,21,23,24', NULL, '24');  
INSERT INTO PUBLIC.CATEGORIES(ID, NAME, MAIN, CHILD_IDS, EXECUTOR_PHONE_NUMBER, AFTER_TEXT, DEADLINE) VALUES
(18, STRINGDECODE('\u041e\u0431\u0440\u0435\u0437\u043a\u0430 \u0434\u0435\u0440\u0435\u0432\u044c\u0435\u0432'), FALSE, '0', '1,21,23,25', NULL, '1'),
(20, STRINGDECODE('\u041a\u043e\u0441\u044c\u0431\u0430 \u043a\u0430\u043c\u044b\u0448\u0430'), FALSE, '0', '1,21,23,26', NULL, '6'),
(19, STRINGDECODE('\u0421\u043e\u0434\u0435\u0440\u0436\u0430\u043d\u0438\u0435 \u043b\u0435\u0441\u043e\u043f\u043e\u0441\u0430\u0434\u043e\u043a'), FALSE, '0', '1,21,23,25', NULL, '6'),
(21, STRINGDECODE('\u0424\u043e\u043d\u0442\u0430\u043d\u044b'), FALSE, '0', '1,21,23,27', NULL, '6'),
(22, STRINGDECODE('\u0420\u0435\u043c\u043e\u043d\u0442\u043d\u044b\u0435 \u0440\u0430\u0431\u043e\u0442\u044b'), FALSE, '0', '1,21,28', NULL, '24'),
(23, STRINGDECODE('\u041e\u0441\u0432\u0435\u0449\u0435\u043d\u0438\u0435'), FALSE, '0', '1,21,28,29', NULL, '24'),
(24, STRINGDECODE('\u0414\u0435\u0440\u0430\u0442\u0438\u0437\u0430\u0446\u0438\u044f \u0438 \u0434\u0435\u0437\u0438\u043d\u0441\u0435\u043a\u0446\u0438\u044f'), FALSE, '0', '1,21,23,30', NULL, '24'),
(25, STRINGDECODE('\u041e\u0433\u0440\u0430\u0436\u0434\u0435\u043d\u0438\u044f'), FALSE, '0', '1,21,23,25', NULL, '24'),
(27, STRINGDECODE('\u041e\u0442\u043a\u0430\u0447\u043a\u0430 \u0432\u043e\u0434\u044b'), FALSE, '30,31', NULL, NULL, '1'),
(28, STRINGDECODE('\u0414\u0440\u0435\u0441\u0432\u0430'), FALSE, '0', '1,21', NULL, '1'),
(29, STRINGDECODE('\u0412\u044b\u0432\u043e\u0437 \u0441\u043d\u0435\u0433\u0430'), FALSE, '30,31', NULL, NULL, '1');           
CREATE CACHED TABLE PUBLIC.COMMAND(
    ID INT DEFAULT (NEXT VALUE FOR PUBLIC.SYSTEM_SEQUENCE_D115B42E_37F1_4243_9D2C_AA6117AE60C0) NOT NULL NULL_TO_DEFAULT SEQUENCE PUBLIC.SYSTEM_SEQUENCE_D115B42E_37F1_4243_9D2C_AA6117AE60C0,
    COMMAND_TYPE_ID INT,
    MESSAGE_ID INT
);         
ALTER TABLE PUBLIC.COMMAND ADD CONSTRAINT PUBLIC.CONSTRAINT_6 PRIMARY KEY(ID);
-- 110 +/- SELECT COUNT(*) FROM PUBLIC.COMMAND;               
INSERT INTO PUBLIC.COMMAND(ID, COMMAND_TYPE_ID, MESSAGE_ID) VALUES
(1, 1, 1),
(2, 27, 0),
(3, 28, 0),
(4, 1, 15),
(5, 1, 16),
(6, 1, 18),
(7, 1, 19),
(8, 1, 20),
(9, 1, 22),
(10, 1, 23),
(11, 1, 24),
(12, 1, 25),
(13, 1, 26),
(14, 1, 27),
(15, 1, 18),
(16, 1, 29),
(17, 1, 30),
(18, 1, 32),
(19, 2, 32),
(20, 1, 33),
(21, 2, 33),
(22, 1, 34),
(23, 1, 35),
(24, 2, 35),
(25, 1, 36),
(26, 1, 37),
(27, 2, 37),
(28, 1, 38),
(29, 2, 38),
(30, 1, 39),
(31, 2, 39),
(32, 1, 40),
(33, 2, 40),
(34, 1, 41),
(35, 1, 42),
(36, 2, 42),
(64, 1, 72),
(65, 2, 72),
(66, 1, 73),
(67, 2, 73),
(68, 1, 74),
(69, 2, 74),
(70, 1, 75),
(71, 2, 75),
(96, 1, 104),
(97, 2, 104),
(98, 1, 105),
(99, 1, 106),
(100, 2, 106),
(101, 1, 107),
(102, 2, 107),
(103, 1, 108),
(104, 2, 108),
(105, 1, 109),
(106, 2, 109),
(107, 1, 110),
(108, 2, 110),
(128, 1, 136),
(129, 2, 136),
(130, 1, 137),
(131, 1, 138),
(132, 2, 138),
(133, 1, 139),
(134, 2, 139),
(135, 1, 140),
(136, 2, 140),
(137, 1, 141),
(138, 2, 141),
(139, 1, 142),
(140, 2, 142),
(141, 1, 143),
(142, 2, 143),
(143, 1, 144),
(144, 2, 144),
(145, 1, 145),
(146, 1, 146),
(147, 2, 146),
(148, 1, 147),
(149, 2, 147),
(150, 1, 148),
(151, 1, 149),
(152, 2, 149),
(153, 1, 150),
(154, 2, 150),
(160, 1, 169),
(161, 2, 169),
(162, 1, 170),
(163, 1, 171),
(164, 2, 171),
(165, 1, 172),
(166, 2, 172),
(167, 1, 173),
(168, 1, 174),
(169, 2, 174),
(170, 1, 175),
(171, 2, 175),
(172, 30, 0),
(173, 1, 177),
(174, 2, 177),
(175, 1, 178),
(176, 1, 179),
(177, 2, 179),
(178, 1, 180),
(179, 2, 180),
(180, 1, 181),
(181, 2, 181),
(182, 1, 182),
(183, 2, 182),
(184, 6, 0),
(185, 1, 183);     
CREATE CACHED TABLE PUBLIC.BUTTON(
    ID INT DEFAULT (NEXT VALUE FOR PUBLIC.SYSTEM_SEQUENCE_25BAD5F1_2256_4299_8CCF_4BF03966FEE6) NOT NULL NULL_TO_DEFAULT SEQUENCE PUBLIC.SYSTEM_SEQUENCE_25BAD5F1_2256_4299_8CCF_4BF03966FEE6,
    TEXT TEXT,
    COMMAND_ID INT,
    URL TEXT,
    REQUEST_CONTACT BOOLEAN,
    BOT_ID INT
);      
ALTER TABLE PUBLIC.BUTTON ADD CONSTRAINT PUBLIC.CONSTRAINT_7 PRIMARY KEY(ID); 
-- 97 +/- SELECT COUNT(*) FROM PUBLIC.BUTTON; 
INSERT INTO PUBLIC.BUTTON(ID, TEXT, COMMAND_ID, URL, REQUEST_CONTACT, BOT_ID) VALUES
(1, '/start', 1, NULL, FALSE, 0),
(2, STRINGDECODE('\ud83e\udd16 \u041c\u043e\u0438 \u0431\u043e\u0442\u044b'), 2, NULL, FALSE, 0),
(3, STRINGDECODE('\u2733\ufe0f \u0414\u043e\u0431\u0430\u0432\u0438\u0442\u044c \u0431\u043e\u0442\u0430'), 3, NULL, FALSE, 0),
(4, STRINGDECODE('\u0414\u043e\u0431\u0430\u0432\u0438\u0442\u044c \u043a\u043d\u043e\u043f\u043a\u0443'), 0, NULL, FALSE, 0),
(5, STRINGDECODE('\u041f\u043e\u043c\u0435\u043d\u044f\u0442\u044c \u043c\u0435\u0441\u0442\u0430\u043c\u0438'), 0, NULL, FALSE, 0),
(6, STRINGDECODE('\u0418\u0437\u043c\u0435\u043d\u0438\u0442\u044c'), 0, NULL, FALSE, 0),
(7, STRINGDECODE('\u0411\u0435\u0437 \u0444\u043e\u0442\u043e'), 0, NULL, FALSE, -1),
(10, STRINGDECODE('\u0414\u0430'), 0, NULL, FALSE, 0),
(11, STRINGDECODE('\u041d\u0435\u0442'), 0, NULL, FALSE, 0),
(19, STRINGDECODE('\ud83d\udd19 \u041d\u0430\u0437\u0430\u0434'), 0, NULL, FALSE, 109),
(20, STRINGDECODE('\ud83d\udd1c \u041e\u0431\u0443\u0447\u0435\u043d\u0438\u0435'), 15, NULL, FALSE, 0),
(21, STRINGDECODE('\ud83d\udd1c \u041e\u0431\u0440\u0430\u0442\u043d\u0430\u044f \u0441\u0432\u044f\u0437\u044c'), 15, NULL, FALSE, 0),
(22, STRINGDECODE('\ud83d\udd19 \u041d\u0430\u0437\u0430\u0434'), 1, NULL, FALSE, 0),
(23, 'Change start', 19, NULL, FALSE, 0),
(24, STRINGDECODE('\u0433\u0443\u0433\u043b'), 185, NULL, FALSE, -1),
(25, 'Change start', 21, NULL, FALSE, 0),
(26, 'Google disk', 0, 'https://docs.google.com/spreadsheets/d/15RGqEzUz0HyybVPsDOeBs5-CPT2kVNS_FkebiALj6Fg/edit#gid=0', FALSE, -1),
(27, '/start', 23, NULL, FALSE, 10),
(28, 'Change start', 24, NULL, FALSE, 10),
(29, 'Admin', 25, NULL, FALSE, 10),
(30, STRINGDECODE('\u041e \u043d\u0430\u0441'), 26, NULL, FALSE, 10),
(31, 'Change start', 27, NULL, FALSE, 10),
(32, STRINGDECODE('\u0413\u0440\u0443\u043f\u043f\u0430'), 0, 'https://t.me/joinchat/AAAAAAsGtGcJ0MNe2RJu_g', FALSE, 11),
(33, STRINGDECODE('change \u0411\u043b\u0438\u0436\u0430\u0439\u0448\u0435\u0435 \u043c\u0435\u0440\u043e\u043f\u0440\u0438\u044f\u0442\u0438\u0435'), 29, NULL, FALSE, 10),
(34, STRINGDECODE('\u0411\u0435\u0437 \u043b\u0438\u043d\u043a\u0430'), 0, NULL, FALSE, 0),
(35, STRINGDECODE('change \ud83d\udcde\u041a\u043e\u043d\u0442\u0430\u043a\u0442\u044b'), 31, NULL, FALSE, 10),
(36, '/start', 32, NULL, FALSE, 11),
(37, 'Change start', 33, NULL, FALSE, 11),
(38, 'Admin', 34, NULL, FALSE, 11),
(68, STRINGDECODE('\u2139 \u041e \u043d\u0430\u0441'), 64, NULL, FALSE, 11),
(69, STRINGDECODE('change \u2139 \u041e \u043d\u0430\u0441'), 65, NULL, FALSE, 11),
(70, STRINGDECODE('\ud83d\udc65 \u0413\u0440\u0443\u043f\u043f\u0430'), 66, NULL, FALSE, 11),
(71, STRINGDECODE('change \u0413\u0440\u0443\u043f\u043f\u0430'), 67, NULL, FALSE, 11),
(72, STRINGDECODE('\ud83d\udcc4 \u041e\u0441\u0442\u0430\u0432\u0438\u0442\u044c \u0437\u0430\u044f\u0432\u043a\u0443'), 68, NULL, FALSE, 11),
(73, STRINGDECODE('change \ud83d\udcc4 \u041e\u0441\u0442\u0430\u0432\u0438\u0442\u044c \u0437\u0430\u044f\u0432\u043a\u0443'), 69, NULL, FALSE, 11),
(74, STRINGDECODE('\ud83d\udcde \u041a\u043e\u043d\u0442\u0430\u043a\u0442\u044b'), 70, NULL, FALSE, 11),
(75, STRINGDECODE('change \ud83d\udcde \u041a\u043e\u043d\u0442\u0430\u043a\u0442\u044b'), 71, NULL, FALSE, 11),
(100, '/start', 96, NULL, FALSE, 43),
(101, 'Change start', 97, NULL, FALSE, 43),
(102, 'Admin', 98, NULL, FALSE, 43),
(103, STRINGDECODE('\ud83d\udcc4 \u041e\u0441\u0442\u0430\u0432\u0438\u0442\u044c \u0437\u0430\u044f\u0432\u043a\u0443'), 99, NULL, FALSE, 43),
(104, STRINGDECODE('change \ud83d\udcc4 \u041e\u0441\u0442\u0430\u0432\u0438\u0442\u044c \u0437\u0430\u044f\u0432\u043a\u0443'), 100, NULL, FALSE, 43),
(105, STRINGDECODE('\ud83d\udc65 \u0413\u0440\u0443\u043f\u043f\u0430'), 101, NULL, FALSE, 43),
(106, STRINGDECODE('change \ud83d\udc65 \u0413\u0440\u0443\u043f\u043f\u0430'), 102, NULL, FALSE, 43),
(107, STRINGDECODE('\ud83d\udcde \u041a\u043e\u043d\u0442\u0430\u043a\u0442\u044b'), 103, NULL, FALSE, 43),
(108, STRINGDECODE('change \ud83d\udcde \u041a\u043e\u043d\u0442\u0430\u043a\u0442\u044b'), 104, NULL, FALSE, 43);          
INSERT INTO PUBLIC.BUTTON(ID, TEXT, COMMAND_ID, URL, REQUEST_CONTACT, BOT_ID) VALUES
(109, STRINGDECODE('\ud83c\udd95 \u041d\u043e\u0432\u043e\u0441\u0442\u0438'), 105, NULL, FALSE, 43),
(110, STRINGDECODE('change \ud83c\udd95 \u041d\u043e\u0432\u043e\u0441\u0442\u0438'), 106, NULL, FALSE, 43),
(111, STRINGDECODE('\ud83d\udc64 \u0417\u0430\u043f\u0438\u0441\u0430\u0442\u044c\u0441\u044f \u043d\u0430 \u043f\u0440\u0438\u0435\u043c'), 107, NULL, FALSE, 43),
(112, STRINGDECODE('change \ud83d\udc64 \u0417\u0430\u043f\u0438\u0441\u0430\u0442\u044c\u0441\u044f \u043d\u0430 \u043f\u0440\u0438\u0435\u043c'), 108, NULL, FALSE, 43),
(132, '/start', 128, NULL, FALSE, 75),
(133, 'Change start', 129, NULL, FALSE, 75),
(134, 'Admin', 130, NULL, FALSE, 75),
(135, STRINGDECODE('\u2139\ufe0f \u041e \u043d\u0430\u0441'), 131, NULL, FALSE, 75),
(136, STRINGDECODE('change \u2139\ufe0f \u041e \u043d\u0430\u0441'), 132, NULL, FALSE, 75),
(137, STRINGDECODE('\ud83c\udd95 \u041d\u043e\u0432\u043e\u0441\u0442\u0438'), 133, NULL, FALSE, 75),
(138, STRINGDECODE('change \ud83c\udd95 \u041d\u043e\u0432\u043e\u0441\u0442\u0438'), 134, NULL, FALSE, 75),
(139, STRINGDECODE('\ud83d\udc64 \u041b\u0438\u0447\u043d\u044b\u0439 \u043a\u0430\u0431\u0438\u043d\u0435\u0442'), 135, NULL, FALSE, 75),
(140, STRINGDECODE('change \ud83d\udc64 \u041b\u0438\u0447\u043d\u044b\u0439 \u043a\u0430\u0431\u0438\u043d\u0435\u0442'), 136, NULL, FALSE, 75),
(141, STRINGDECODE('\ud83d\ude80 \u041f\u0440\u043e\u0439\u0442\u0438 \u043a\u0443\u0440\u0441'), 137, NULL, FALSE, 75),
(142, STRINGDECODE('change \ud83d\ude80 \u041f\u0440\u043e\u0439\u0442\u0438 \u043a\u0443\u0440\u0441'), 138, NULL, FALSE, 75),
(143, STRINGDECODE('\ud83d\udde3 \u041e\u0431\u0440\u0430\u0442\u043d\u0430\u044f \u0441\u0432\u044f\u0437\u044c'), 139, NULL, FALSE, 75),
(144, STRINGDECODE('change \ud83d\udde3 \u041e\u0431\u0440\u0430\u0442\u043d\u0430\u044f \u0441\u0432\u044f\u0437\u044c'), 140, NULL, FALSE, 75),
(145, STRINGDECODE('\ud83d\udcde \u041a\u043e\u043d\u0442\u0430\u043a\u0442\u044b'), 141, NULL, FALSE, 75),
(146, STRINGDECODE('change \ud83d\udcde \u041a\u043e\u043d\u0442\u0430\u043a\u0442\u044b'), 142, NULL, FALSE, 75),
(147, '/start', 143, NULL, FALSE, 76),
(148, 'Change start', 144, NULL, FALSE, 76),
(149, 'Admin', 145, NULL, FALSE, 76),
(150, STRINGDECODE('\ud83c\udd95 \u043e \u043d\u0430\u0441'), 146, NULL, FALSE, 76),
(151, STRINGDECODE('change \ud83c\udd95 \u043e \u043d\u0430\u0441'), 147, NULL, FALSE, 76),
(152, '/start', 148, NULL, FALSE, 77),
(153, 'Change start', 149, NULL, FALSE, 77),
(154, 'Admin', 150, NULL, FALSE, 77),
(155, STRINGDECODE('\u2139\ufe0f \u041e \u043d\u0430\u0441'), 151, NULL, FALSE, 77),
(156, STRINGDECODE('change \u2139\ufe0f \u041e \u043d\u0430\u0441'), 152, NULL, FALSE, 77),
(157, STRINGDECODE('\ud83c\udd95 \u041d\u043e\u0432\u043e\u0441\u0442\u0438'), 153, NULL, FALSE, 77),
(158, STRINGDECODE('change \ud83c\udd95 \u041d\u043e\u0432\u043e\u0441\u0442\u0438'), 154, NULL, FALSE, 77),
(164, '/start', 160, NULL, FALSE, 107),
(165, 'Change start', 161, NULL, FALSE, 107),
(166, 'Admin', 162, NULL, FALSE, 107),
(175, STRINGDECODE('\ud83d\udcc4 \u041f\u0440\u0435\u0434\u043b\u043e\u0436\u0435\u043d\u0438\u0435'), 184, NULL, FALSE, 109),
(176, STRINGDECODE('\u0413\u0440\u0443\u043f\u043f\u0430'), 168, NULL, FALSE, 107),
(177, STRINGDECODE('change \u0413\u0440\u0443\u043f\u043f\u0430'), 169, NULL, FALSE, 107),
(178, '/start', 170, NULL, FALSE, 108),
(179, 'Change start', 171, NULL, FALSE, 108),
(180, STRINGDECODE('\ud83d\udcdd \u041e\u0441\u0442\u0430\u0432\u0438\u0442\u044c \u0437\u0430\u044f\u0432\u043a\u0443'), 172, NULL, FALSE, 109),
(181, '/start', 173, NULL, FALSE, 109),
(182, 'Change start', 174, NULL, FALSE, 109),
(183, 'Admin', 175, NULL, FALSE, 109),
(184, STRINGDECODE('\u2139 \u041e\u0431 \u0430\u043a\u0438\u043c\u0430\u0442\u0435'), 176, NULL, FALSE, 109),
(185, STRINGDECODE('change \u2139 \u041e\u0431 \u0430\u043a\u0438\u043c\u0430\u0442\u0435'), 177, NULL, FALSE, 109),
(186, STRINGDECODE('\ud83c\udd95 \u041d\u043e\u0432\u043e\u0441\u0442\u0438'), 178, NULL, FALSE, 109);       
INSERT INTO PUBLIC.BUTTON(ID, TEXT, COMMAND_ID, URL, REQUEST_CONTACT, BOT_ID) VALUES
(187, STRINGDECODE('change \ud83c\udd95 \u041d\u043e\u0432\u043e\u0441\u0442\u0438'), 179, NULL, FALSE, 109),
(188, STRINGDECODE('\ud83d\udcde \u041a\u043e\u043d\u0442\u0430\u043a\u0442\u044b \u0441\u043e\u0442\u0440\u0443\u0434\u043d\u0438\u043a\u043e\u0432'), 180, NULL, FALSE, 109),
(189, STRINGDECODE('change \ud83d\udcde \u041a\u043e\u043d\u0442\u0430\u043a\u0442\u044b \u0441\u043e\u0442\u0440\u0443\u0434\u043d\u0438\u043a\u043e\u0432'), 181, NULL, FALSE, 109),
(190, STRINGDECODE('\ud83d\udcde \u041a\u043e\u043d\u0442\u0430\u043a\u0442\u044b \u0441\u0443\u0431\u043f\u043e\u0434\u0440\u044f\u0434\u0447\u0438\u043a\u043e\u0432'), 182, NULL, FALSE, 109),
(191, STRINGDECODE('change \ud83d\udcde \u041a\u043e\u043d\u0442\u0430\u043a\u0442\u044b \u0441\u0443\u0431\u043f\u043e\u0434\u0440\u044f\u0434\u0447\u0438\u043a\u043e\u0432'), 183, NULL, FALSE, 109);     
CREATE CACHED TABLE PUBLIC.KEYBOARD(
    ID INT DEFAULT (NEXT VALUE FOR PUBLIC.SYSTEM_SEQUENCE_978BCEE7_4FE1_4449_81B9_62D830357CDD) NOT NULL NULL_TO_DEFAULT SEQUENCE PUBLIC.SYSTEM_SEQUENCE_978BCEE7_4FE1_4449_81B9_62D830357CDD,
    BUTTON_IDS TEXT,
    INLINE BOOLEAN,
    COMMENT TEXT
);         
ALTER TABLE PUBLIC.KEYBOARD ADD CONSTRAINT PUBLIC.CONSTRAINT_4 PRIMARY KEY(ID);               
-- 28 +/- SELECT COUNT(*) FROM PUBLIC.KEYBOARD;               
INSERT INTO PUBLIC.KEYBOARD(ID, BUTTON_IDS, INLINE, COMMENT) VALUES
(1, '19,2;20,21', FALSE, 'main'),
(2, '3', FALSE, 'my bots'),
(3, '7', TRUE, 'no photo'),
(5, '10,11', TRUE, 'yes no'),
(10, '34', TRUE, 'no link'),
(11, '3,22', FALSE, 'add bot and back'),
(12, '32', TRUE, 'bot11 group'),
(13, '24', TRUE, 'bot43 group'),
(14, '23', FALSE, 'admin9'),
(15, '28;28;33;35', FALSE, 'admin10'),
(16, '30,32;34', FALSE, 'main10'),
(17, '37;69;71;73;75', FALSE, 'admin11'),
(49, '68,70;72,74', FALSE, 'main11'),
(81, '101;104;106;108;110;112', FALSE, 'admin43'),
(82, '103,105;107,109;111', FALSE, 'main43'),
(113, '133;136;138;140;142;144;146', FALSE, 'admin75'),
(114, '135,137;139,141;143,145', FALSE, 'main75'),
(115, '148;151', FALSE, 'admin76'),
(116, '150', FALSE, 'main76'),
(117, '153;156;158', FALSE, 'admin77'),
(150, '176', FALSE, 'main107'),
(151, '175', TRUE, 'link'),
(152, '177', FALSE, 'admin107'),
(153, '0', FALSE, 'main108'),
(154, '179', FALSE, 'admin108'),
(155, '184,186;180,175;188,190', FALSE, 'main109'),
(156, '182;185;187;189;191', FALSE, 'admin109'),
(157, '26', TRUE, 'google sheet');             
CREATE CACHED TABLE PUBLIC.MEMBER(
    ID INT DEFAULT (NEXT VALUE FOR PUBLIC.SYSTEM_SEQUENCE_23A0BA9D_803C_4A84_89BD_EA8F6B8DE7D8) NOT NULL NULL_TO_DEFAULT SEQUENCE PUBLIC.SYSTEM_SEQUENCE_23A0BA9D_803C_4A84_89BD_EA8F6B8DE7D8,
    USER_ID BIGINT,
    CHAT_ID BIGINT,
    NAVIKI TEXT,
    NISHA TEXT,
    USER_NAME TEXT,
    COMPANY_NAME TEXT,
    CONTACT TEXT,
    FIO TEXT,
    FIRST_NAME TEXT,
    LAST_NAME TEXT,
    PHONE_NUMBER TEXT
);          
ALTER TABLE PUBLIC.MEMBER ADD CONSTRAINT PUBLIC.CONSTRAINT_8 PRIMARY KEY(ID); 
-- 0 +/- SELECT COUNT(*) FROM PUBLIC.MEMBER;  
CREATE CACHED TABLE PUBLIC.MESSAGE(
    ID INT DEFAULT (NEXT VALUE FOR PUBLIC.SYSTEM_SEQUENCE_A0B678AC_73D2_4C0F_B14B_E8E16F1AA448) NOT NULL NULL_TO_DEFAULT SEQUENCE PUBLIC.SYSTEM_SEQUENCE_A0B678AC_73D2_4C0F_B14B_E8E16F1AA448,
    TEXT TEXT,
    PHOTO TEXT,
    KEYBOARD_ID INT
); 
ALTER TABLE PUBLIC.MESSAGE ADD CONSTRAINT PUBLIC.CONSTRAINT_63 PRIMARY KEY(ID);               
-- 86 +/- SELECT COUNT(*) FROM PUBLIC.MESSAGE;
INSERT INTO PUBLIC.MESSAGE(ID, TEXT, PHOTO, KEYBOARD_ID) VALUES
(1, STRINGDECODE('\u041f\u0440\u043e\u0432\u0435\u0440\u043a\u0430 \u043d\u043e\u043c\u0435\u0440\u0430 \u043f\u0440\u043e\u0432\u0435\u0434\u0435\u043d\u0430 \u0443\u0441\u043f\u0435\u0448\u043d\u043e, \u0432\u044b \u0431\u0443\u0434\u0435\u0442\u0435 \u043f\u043e\u043b\u0443\u0447\u0430\u0442\u044c \u0437\u0430\u043f\u0440\u043e\u0441\u044b \u043f\u043e \u0441\u043b\u0435\u0434\u0443\u044e\u0449\u0438\u043c \u043a\u0430\u0442\u0435\u0433\u043e\u0440\u0438\u044f\u043c:'), NULL, 0),
(2, STRINGDECODE('\u0412\u044b\u0431\u0435\u0440\u0438\u0442\u0435 \u043a\u0430\u0442\u0435\u0433\u043e\u0440\u0438\u044e'), NULL, 0),
(3, STRINGDECODE('\u2b05\ufe0f'), NULL, 0),
(4, STRINGDECODE('\u27a1\ufe0f'), NULL, 0),
(5, STRINGDECODE('\u041e\u0442\u043f\u0440\u0430\u0432\u044c\u0442\u0435 \u043f\u043e\u0436\u0430\u043b\u0443\u0439\u0441\u0442\u0430 \u0442\u0435\u043a\u0441\u0442'), NULL, 0),
(6, STRINGDECODE('\u041e\u0442\u043f\u0440\u0430\u0432\u044c\u0442\u0435 \u043f\u043e\u0436\u0430\u043b\u0443\u0439\u0441\u0442\u0430 \u0444\u043e\u0442\u043e'), NULL, 3),
(7, STRINGDECODE('\u041a\u043e\u043c\u0430\u043d\u0434\u0430 \u043d\u0435 \u0440\u0430\u0441\u043f\u043e\u0437\u043d\u0430\u043d\u0430 \u0438\u043b\u0438 \u043d\u0435 \u0443\u0434\u0430\u043b\u043e\u0441\u044c \u043e\u0431\u0440\u0430\u0431\u043e\u0442\u0430\u0442\u044c \u0438\u043d\u0444\u043e\u0440\u043c\u0430\u0446\u0438\u044e'), NULL, 1),
(8, STRINGDECODE('\u0412\u0430\u0448\u0430 \u0437\u0430\u044f\u0432\u043a\u0430 \u043f\u0440\u0438\u043d\u044f\u0442\u0430 \u0438 \u043f\u0435\u0440\u0435\u0434\u0430\u043d\u0430 \u043e\u0442\u0432\u0435\u0442\u0441\u0442\u0432\u0435\u043d\u043d\u043e\u043c\u0443 \u043b\u0438\u0446\u0443. \u0418\u0441\u043f\u043e\u043b\u044c\u043d\u0438\u0442\u0435\u043b\u044c: '), NULL, 0),
(9, STRINGDECODE('\u041d\u043e\u0432\u044b\u0439 \u0437\u0430\u043f\u0440\u043e\u0441'), NULL, 0),
(10, STRINGDECODE('\u042d\u0442\u0438 \u0442\u0435\u043b\u0435\u0444\u043e\u043d\u043d\u044b\u0435 \u043d\u043e\u043c\u0435\u0440\u0430, \u043a\u043e\u0442\u043e\u0440\u044b\u0435 \u043e\u0442\u0432\u0435\u0442\u0441\u0442\u0432\u0435\u043d\u043d\u044b \u0437\u0430 \u043f\u0440\u0438\u0435\u043c \u0437\u0430\u044f\u0432\u043e\u043a \u043d\u0435 \u043f\u043e\u0434\u043a\u043b\u044e\u0447\u0435\u043d\u044b \u043a \u0431\u043e\u0442\u0443:'), NULL, 0),
(11, STRINGDECODE('\u0412\u0432\u0435\u0434\u0438\u0442\u0435 \u043d\u0430\u0437\u0432\u0430\u043d\u0438\u0435'), NULL, 0),
(12, STRINGDECODE('\u0412\u044b\u0431\u0435\u0440\u0438\u0442\u0435 \u0442\u0438\u043f'), NULL, 0),
(13, STRINGDECODE('\u0412\u0432\u0435\u0434\u0438\u0442\u0435 \u0441\u043e\u043e\u0431\u0449\u0435\u043d\u0438\u0435'), NULL, 0),
(14, STRINGDECODE('\u041e\u0442\u043f\u0440\u0430\u0432\u044c\u0442\u0435 \u0444\u043e\u0442\u043e'), NULL, 3),
(15, STRINGDECODE('\u0418\u0437\u043c\u0435\u043d\u0435\u043d\u0438\u044f \u0441\u043e\u0445\u0440\u0430\u043d\u0435\u043d\u044b'), NULL, 0),
(16, STRINGDECODE('\u0422\u0435\u0441\u0442\u043e\u0432\u043e\u0435 \u0441\u043e\u043e\u0431\u0449\u0435\u043d\u0438\u0435'), NULL, 0),
(17, 'is new row?', NULL, 5),
(18, STRINGDECODE('\u0414\u0430\u043d\u043d\u0430\u044f \u0444\u0443\u043d\u043a\u0446\u0438\u044f \u0435\u0449\u0435 \u043d\u0435 \u0440\u0435\u0430\u043b\u0438\u0437\u043e\u0432\u0430\u043d\u0430'), NULL, 0),
(19, STRINGDECODE('\u0441\u043e\u043e\u0431\u0449 1124'), NULL, 0),
(20, STRINGDECODE('\u0441\u043e\u043e\u0431\u0449 1129'), NULL, 4),
(21, STRINGDECODE('\u0423 \u0432\u0430\u0441 \u0435\u0449\u0435 \u043d\u0435\u0442 \u043a\u043d\u043e\u043f\u043e\u043a, \u0438\u0434\u0438\u0442\u0435 \u0432 @q_mother_bot \u0438 \u043d\u0430\u0441\u0442\u0440\u043e\u0439\u0442\u0435 \u0441\u0435\u0431\u0435 \u0431\u043e\u0442\u0430'), NULL, 0),
(22, STRINGDECODE('\u0421\u043a\u043e\u0440\u043e \u0441\u043e\u0431\u0440\u0430\u043d\u0438\u0435'), NULL, 6),
(23, STRINGDECODE('\u0418\u043b\u0438 \u0430\u043b'), NULL, 6),
(24, STRINGDECODE('\u0412\u0442\u043e\u0440\u043e\u0435 \u0441\u0442\u0430\u0440\u0442'), NULL, 0),
(25, STRINGDECODE('\u041a\u043d\u043e\u043f\u043a\u0430 \u0443\u0441\u043f\u0435\u0448\u043d\u043e \u0434\u043e\u0431\u0430\u0432\u043b\u0435\u043d\u0430'), NULL, 0);               
INSERT INTO PUBLIC.MESSAGE(ID, TEXT, PHOTO, KEYBOARD_ID) VALUES
(26, 'set name of link', NULL, 0),
(27, 'Test message', NULL, 8),
(28, 'Test message', NULL, 9),
(29, 'Mresf', NULL, 10),
(30, '666877', NULL, 10),
(31, STRINGDECODE('\u0418\u0437\u043c\u0435\u043d\u0438\u0442\u0435 \u044d\u0442\u0443 \u0438\u043d\u0444\u043e\u0440\u043c\u0430\u0446\u0438\u044e \u0432 \u0430\u0434\u043c\u0438\u043d\u043a\u0435'), NULL, 0),
(32, STRINGDECODE('\u0418\u0437\u043c\u0435\u043d\u0438\u0442\u0435 \u044d\u0442\u0443 \u0438\u043d\u0444\u043e\u0440\u043c\u0430\u0446\u0438\u044e \u0432 \u0430\u0434\u043c\u0438\u043d\u043a\u0435'), NULL, 0),
(33, STRINGDECODE('\u0418\u0437\u043c\u0435\u043d\u0438\u0442\u0435 \u044d\u0442\u0443 \u0438\u043d\u0444\u043e\u0440\u043c\u0430\u0446\u0438\u044e \u0432 \u0430\u0434\u043c\u0438\u043d\u043a\u0435'), NULL, 0),
(34, 'Admin mode', NULL, 14),
(35, 'Yay', 'AgADAgAD1qcxGyOCmEtQ8MviFXRKVIJQtw0ABIYRshXR-v23kjYCAAEC', 0),
(36, 'Admin mode', NULL, 15),
(37, STRINGDECODE('\u0418\u0437\u043c\u0435\u043d\u0438\u0442\u0435 \u044d\u0442\u0443 \u0438\u043d\u0444\u043e\u0440\u043c\u0430\u0446\u0438\u044e \u0432 \u0430\u0434\u043c\u0438\u043d\u043a\u0435'), NULL, 16),
(38, STRINGDECODE('\u0412\u0441\u0442\u0440\u0435\u0447\u0430 \u0441 \u0438\u043d\u0432\u0435\u0441\u0442\u043e\u0440\u043e\u043c'), NULL, 16),
(39, STRINGDECODE('\u0422\u0435\u043b 33567'), NULL, 16),
(40, STRINGDECODE('\u0418\u0437\u043c\u0435\u043d\u0438\u0442\u0435 \u044d\u0442\u0443 \u0438\u043d\u0444\u043e\u0440\u043c\u0430\u0446\u0438\u044e \u0432 \u0430\u0434\u043c\u0438\u043d\u043a\u0435'), NULL, 0),
(41, 'Admin mode', NULL, 17),
(42, STRINGDECODE('\u0418\u0437\u043c\u0435\u043d\u0438\u0442\u0435 \u044d\u0442\u0443 \u0438\u043d\u0444\u043e\u0440\u043c\u0430\u0446\u0438\u044e \u0432 \u0430\u0434\u043c\u0438\u043d\u043a\u0435'), NULL, 18),
(72, STRINGDECODE('\u0423\u043f\u0440\u0430\u0432\u043b\u044f\u044e\u0449\u0430\u044f \u043a\u043e\u043c\u043f\u0430\u043d\u0438\u044f \u00abMobil Realty Management Company\u00bb \u0437\u0430\u043d\u0438\u043c\u0430\u0435\u0442\u0441\u044f \u043a\u043e\u043c\u043f\u043b\u0435\u043a\u0441\u043d\u044b\u043c \u0443\u043f\u0440\u0430\u0432\u043b\u0435\u043d\u0438\u0435\u043c \u043a\u043e\u043c\u043c\u0435\u0440\u0447\u0435\u0441\u043a\u043e\u0439 \u043d\u0435\u0434\u0432\u0438\u0436\u0438\u043c\u043e\u0441\u0442\u0438 \u0441 2006 \u0433\u043e\u0434\u0430. \u0423\u041a \u00abMobil Realty Management Company\u00bb \u2013 \u043e\u0434\u043d\u0430 \u0438\u0437 \u043f\u0440\u043e\u0444\u0435\u0441\u0441\u0438\u043e\u043d\u0430\u043b\u044c\u043d\u044b\u0445 \u043a\u043e\u043c\u043f\u0430\u043d\u0438\u0439 \u0432 \u041a\u0430\u0437\u0430\u0445\u0441\u0442\u0430\u043d\u0435, \u0438\u043c\u0435\u044e\u0449\u0430\u044f \u043d\u0430 \u0441\u0435\u0433\u043e\u0434\u043d\u044f\u0448\u043d\u0438\u0439 \u0434\u0435\u043d\u044c \u043d\u0435\u0441\u043a\u043e\u043b\u044c\u043a\u043e \u0411\u0438\u0437\u043d\u0435\u0441 \u0446\u0435\u043d\u0442\u0440\u043e\u0432 \u043f\u043e\u0434 \u0443\u043f\u0440\u0430\u0432\u043b\u0435\u043d\u0438\u0435\u043c.'), 'AgADAgADracxG8WOuEufCtLQEArYTt07tw0ABG89JVBeKoFJFFACAAEC', 49),
(73, STRINGDECODE('\u041d\u0430\u0436\u043c\u0438\u0442\u0435 \u043a\u043d\u043e\u043f\u043a\u0443 \u043d\u0438\u0436\u0435 \u0447\u0442\u043e \u0431\u044b \u043e\u0442\u043a\u0440\u044b\u0442\u044c \u0433\u0440\u0443\u043f\u043f\u0443 (\u044d\u0442\u043e \u0441\u043e\u043e\u0431\u0449\u0435\u043d\u0438\u0435 \u043c\u043e\u0436\u043d\u043e \u0438\u0437\u043c\u0435\u043d\u0438\u0442\u044c  \u0432 \u0430\u0434\u043c\u0438\u043d \u043f\u0430\u043d\u0435\u043b\u0438)'), NULL, 12),
(74, STRINGDECODE('\u0414\u0430\u043d\u043d\u0430\u044f \u0444\u0443\u043d\u043a\u0446\u0438\u044f \u043d\u0435 \u0434\u043e\u0441\u0442\u0443\u043f\u043d\u0430 \u0432 \u0434\u0435\u043c\u043e \u0432\u0435\u0440\u0441\u0438\u0438'), NULL, 49),
(75, STRINGDECODE('\u0423\u043f\u0440\u0430\u0432\u043b\u044f\u044e\u0449\u0430\u044f \u043a\u043e\u043c\u043f\u0430\u043d\u0438\u044f \u00abMobil Realty Management Company\u00bb\n\u041a\u0430\u0437\u0430\u0445\u0441\u0442\u0430\u043d, \u0433.\u0410\u0441\u0442\u0430\u043d\u0430, \u043f\u0440. \u0410\u0431\u0430\u044f, 13;\n\u041e\u0442\u0434\u0435\u043b \u0430\u0440\u0435\u043d\u0434\u044b:\n\u0422\u0435\u043b.:  + 7 7172  47-62-34;\n+ 7 7172  47-66-20;\n+ 7 7172  47-65-22;\n\u041c\u043e\u0431.: +7 707 700 21 75;\n+7 707 700 21 38;\n+7 707 994 99 84;\ne-mail: arenda@mcmr.kz\n\u041f\u0440\u0438\u0435\u043c\u043d\u0430\u044f:\n\u0422\u0435\u043b.:  +7 7172 47-67-79;\n\u0424\u0430\u043a\u0441: +7 7172 47-67-80;\ne-mail: office@mcmr.kz'), NULL, 49);      
INSERT INTO PUBLIC.MESSAGE(ID, TEXT, PHOTO, KEYBOARD_ID) VALUES
(104, STRINGDECODE('\u0414\u043e\u0431\u0440\u043e \u043f\u043e\u0436\u0430\u043b\u043e\u0432\u0430\u0442\u044c \u043d\u0430 \u043e\u0444\u0438\u0446\u0438\u0430\u043b\u044c\u043d\u044b\u0439 \u0431\u043e\u0442 \u0430\u043a\u0438\u043c\u0430\u0442\u0430 \u0410\u0441\u0442\u0430\u043d\u044b'), NULL, 0),
(105, 'Admin mode', NULL, 81),
(106, STRINGDECODE('\u0414\u0430\u043d\u043d\u0430\u044f \u0444\u0443\u043d\u043a\u0446\u0438\u044f \u043d\u0435 \u0434\u043e\u0441\u0442\u0443\u043f\u043d\u0430 \u0432 \u0434\u0435\u043c\u043e \u0432\u0435\u0440\u0441\u0438\u0438'), NULL, 82),
(107, STRINGDECODE('\u041d\u0430\u0436\u043c\u0438\u0442\u0435 \u043a\u043d\u043e\u043f\u043a\u0443 \u043d\u0438\u0436\u0435 \u0447\u0442\u043e \u0431\u044b \u043e\u0442\u043a\u0440\u044b\u0442\u044c \u0433\u0440\u0443\u043f\u043f\u0443 (\u044d\u0442\u043e \u0441\u043e\u043e\u0431\u0449\u0435\u043d\u0438\u0435 \u043c\u043e\u0436\u043d\u043e \u0438\u0437\u043c\u0435\u043d\u0438\u0442\u044c  \u0432 \u0430\u0434\u043c\u0438\u043d \u043f\u0430\u043d\u0435\u043b\u0438)'), NULL, 13),
(108, STRINGDECODE('\u0417\u0434\u0435\u0441\u044c \u0431\u0443\u0434\u0443\u0442 \u041a\u043e\u043d\u0442\u0430\u043a\u0442\u044b (\u043c\u043e\u0436\u043d\u043e \u0443\u0441\u0442\u0430\u043d\u043e\u0432\u0438\u0442\u044c \u0432 \u0430\u0434\u043c\u0438\u043d \u043f\u0430\u043d\u0435\u043b\u0438)'), NULL, 82),
(109, STRINGDECODE('\u0418\u0437\u043c\u0435\u043d\u0438\u0442\u0435 \u044d\u0442\u0443 \u0438\u043d\u0444\u043e\u0440\u043c\u0430\u0446\u0438\u044e \u0432 \u0430\u0434\u043c\u0438\u043d\u043a\u0435'), NULL, 82),
(110, STRINGDECODE('\u0414\u0430\u043d\u043d\u0430\u044f \u0444\u0443\u043d\u043a\u0446\u0438\u044f \u043d\u0435 \u0434\u043e\u0441\u0442\u0443\u043f\u043d\u0430 \u0432 \u0434\u0435\u043c\u043e \u0432\u0435\u0440\u0441\u0438\u0438'), NULL, 82),
(136, STRINGDECODE('\u0418\u0437\u043c\u0435\u043d\u0438\u0442\u0435 \u044d\u0442\u0443 \u0438\u043d\u0444\u043e\u0440\u043c\u0430\u0446\u0438\u044e \u0432 \u0430\u0434\u043c\u0438\u043d\u043a\u0435'), NULL, 0),
(137, 'Admin mode', NULL, 113),
(138, STRINGDECODE('\u0411\u0418\u0417\u041d\u0415\u0421 \u0410\u041a\u0410\u0414\u0415\u041c\u0418\u042f \u00ab\u0410\u0422\u0410\u041c\u0415\u041a\u0415\u041d\u00bb\n\n\u0411\u0438\u0437\u043d\u0435\u0441 \u0410\u043a\u0430\u0434\u0435\u043c\u0438\u044f \u00ab\u0410\u0442\u0430\u043c\u0435\u043a\u0435\u043d\u00bb \u2013 \u044d\u0442\u043e \u0443\u043d\u0438\u043a\u0430\u043b\u044c\u043d\u044b\u0439 \u043e\u0431\u0440\u0430\u0437\u043e\u0432\u0430\u0442\u0435\u043b\u044c\u043d\u044b\u0439 \u043f\u0440\u043e\u0435\u043a\u0442, \u0433\u043b\u0430\u0432\u043d\u043e\u0439 \u0446\u0435\u043b\u044c\u044e \u043a\u043e\u0442\u043e\u0440\u043e\u0433\u043e \u044f\u0432\u043b\u044f\u0435\u0442\u0441\u044f \u043f\u0440\u0435\u0434\u043e\u0441\u0442\u0430\u0432\u043b\u0435\u043d\u0438\u0435 \u043c\u0430\u0441\u0441\u043e\u0432\u043e\u0433\u043e \u043e\u043d\u043b\u0430\u0439\u043d \u043e\u0431\u0440\u0430\u0437\u043e\u0432\u0430\u043d\u0438\u044f, \u043d\u0430\u043f\u0440\u0430\u0432\u043b\u0435\u043d\u043d\u043e\u0433\u043e \u043d\u0430 \u0440\u0430\u0437\u0432\u0438\u0442\u0438\u0435 \u0431\u0430\u0437\u043e\u0432\u044b\u0445 \u0437\u043d\u0430\u043d\u0438\u0439 \u0438 \u043a\u043e\u043c\u043f\u0435\u0442\u0435\u043d\u0446\u0438\u0439 \u043d\u0430\u0447\u0438\u043d\u0430\u044e\u0449\u0438\u0445, \u0434\u0435\u0439\u0441\u0442\u0432\u0443\u044e\u0449\u0438\u0445 \u0438 \u0431\u0443\u0434\u0443\u0449\u0438\u0445 \u043f\u0440\u0435\u0434\u043f\u0440\u0438\u043d\u0438\u043c\u0430\u0442\u0435\u043b\u0435\u0439 \u0420\u0435\u0441\u043f\u0443\u0431\u043b\u0438\u043a\u0438 \u041a\u0430\u0437\u0430\u0445\u0441\u0442\u0430\u043d.\n\n\u0412 \u0440\u0430\u043c\u043a\u0430\u0445 \u043d\u0430\u0448\u0435\u0439 \u043e\u043d\u043b\u0430\u0439\u043d-\u043f\u043b\u0430\u0442\u0444\u043e\u0440\u043c\u044b \u0441\u043b\u0443\u0448\u0430\u0442\u0435\u043b\u0438 \u0410\u043a\u0430\u0434\u0435\u043c\u0438\u0438 \u043f\u043e\u043b\u0443\u0447\u0430\u044e\u0442 \u0446\u0435\u043d\u043d\u044b\u0435 \u043f\u0440\u0430\u043a\u0442\u0438\u0447\u0435\u0441\u043a\u0438\u0435 \u0437\u043d\u0430\u043d\u0438\u044f \u043e\u0442 \u043b\u0443\u0447\u0448\u0438\u0445 \u044d\u043a\u0441\u043f\u0435\u0440\u0442\u043e\u0432 \u0438 \u043f\u0440\u0430\u043a\u0442\u0438\u043a\u043e\u0432 \u0441\u0442\u0440\u0430\u043d\u044b, \u0430 \u0442\u0430\u043a\u0436\u0435 \u0438\u043c\u0435\u044e\u0442 \u0432\u043e\u0437\u043c\u043e\u0436\u043d\u043e\u0441\u0442\u044c \u0438\u0441\u043f\u043e\u043b\u044c\u0437\u043e\u0432\u0430\u0442\u044c \u044d\u0444\u0444\u0435\u043a\u0442\u0438\u0432\u043d\u0443\u044e \u043b\u0438\u043d\u0435\u0439\u043a\u0443 \u0438\u043d\u0441\u0442\u0440\u0443\u043c\u0435\u043d\u0442\u043e\u0432 \u043e\u0431\u0443\u0447\u0435\u043d\u0438\u044f, \u043e\u0431\u0449\u0430\u0442\u044c\u0441\u044f \u0441 \u0431\u0438\u0437\u043d\u0435\u0441\u043c\u0435\u043d\u0430\u043c\u0438, \u043f\u0440\u0435\u043f\u043e\u0434\u0430\u0432\u0430\u0442\u0435\u043b\u044f\u043c\u0438 \u0438 \u0435\u0434\u0438\u043d\u043e\u043c\u044b\u0448\u043b\u0435\u043d\u043d\u0438\u043a\u0430\u043c\u0438.'), NULL, 114);        
INSERT INTO PUBLIC.MESSAGE(ID, TEXT, PHOTO, KEYBOARD_ID) VALUES
(139, STRINGDECODE('\u0417\u0434\u0435\u0441\u044c \u0431\u0443\u0434\u0443\u0442 \u0432\u0430\u0448\u0438 \u043d\u043e\u0432\u043e\u0441\u0442\u0438'), NULL, 114),
(140, STRINGDECODE('\u0414\u0430\u043d\u043d\u0430\u044f \u0444\u0443\u043d\u043a\u0446\u0438\u044f \u043d\u0435 \u0434\u043e\u0441\u0442\u0443\u043f\u043d\u0430 \u0432 \u0434\u0435\u043c\u043e \u0432\u0435\u0440\u0441\u0438\u0438'), NULL, 114),
(141, STRINGDECODE('\u0414\u0430\u043d\u043d\u0430\u044f \u0444\u0443\u043d\u043a\u0446\u0438\u044f \u043d\u0435 \u0434\u043e\u0441\u0442\u0443\u043f\u043d\u0430 \u0432 \u0434\u0435\u043c\u043e \u0432\u0435\u0440\u0441\u0438\u0438'), NULL, 114),
(142, STRINGDECODE('\u0414\u0430\u043d\u043d\u0430\u044f \u0444\u0443\u043d\u043a\u0446\u0438\u044f \u043d\u0435 \u0434\u043e\u0441\u0442\u0443\u043f\u043d\u0430 \u0432 \u0434\u0435\u043c\u043e \u0432\u0435\u0440\u0441\u0438\u0438'), NULL, 114),
(143, STRINGDECODE('\u0417\u0434\u0435\u0441\u044c \u0431\u0443\u0434\u0443\u0442 \u0432\u0430\u0448\u0438 \u043a\u043e\u043d\u0442\u0430\u043a\u0442\u044b'), NULL, 114),
(144, STRINGDECODE('\u0418\u0437\u043c\u0435\u043d\u0438\u0442\u0435 \u044d\u0442\u0443 \u0438\u043d\u0444\u043e\u0440\u043c\u0430\u0446\u0438\u044e \u0432 \u0430\u0434\u043c\u0438\u043d\u043a\u0435'), NULL, 0),
(145, 'Admin mode', NULL, 115),
(146, 'Gcnyc', NULL, 116),
(147, STRINGDECODE('\u0418\u0437\u043c\u0435\u043d\u0438\u0442\u0435 \u044d\u0442\u0443 \u0438\u043d\u0444\u043e\u0440\u043c\u0430\u0446\u0438\u044e \u0432 \u0430\u0434\u043c\u0438\u043d\u043a\u0435'), NULL, 0),
(148, 'Admin mode', NULL, 117),
(149, STRINGDECODE('\u0414\u0430\u043d\u043d\u0430\u044f \u0444\u0443\u043d\u043a\u0446\u0438\u044f \u043d\u0435 \u0434\u043e\u0441\u0442\u0443\u043f\u043d\u0430 \u0432 \u0434\u0435\u043c\u043e \u0432\u0435\u0440\u0441\u0438\u0438'), NULL, 118),
(150, STRINGDECODE('\u0418\u0437\u043c\u0435\u043d\u0438\u0442\u0435 \u044d\u0442\u0443 \u0438\u043d\u0444\u043e\u0440\u043c\u0430\u0446\u0438\u044e \u0432 \u0430\u0434\u043c\u0438\u043d\u043a\u0435'), NULL, 118),
(168, 'Send link for inline button', NULL, 10),
(169, STRINGDECODE('\u0418\u0437\u043c\u0435\u043d\u0438\u0442\u0435 \u044d\u0442\u0443 \u0438\u043d\u0444\u043e\u0440\u043c\u0430\u0446\u0438\u044e \u0432 \u0430\u0434\u043c\u0438\u043d\u043a\u0435'), NULL, 145),
(170, 'Admin mode', NULL, 146),
(171, STRINGDECODE('\u0418\u0437\u043c\u0435\u043d\u0438\u0442\u0435 \u044d\u0442\u0443 \u0438\u043d\u0444\u043e\u0440\u043c\u0430\u0446\u0438\u044e \u0432 \u0430\u0434\u043c\u0438\u043d\u043a\u0435'), NULL, 147),
(172, STRINGDECODE('\u0418\u0437\u043c\u0435\u043d\u0438\u0442\u0435 \u044d\u0442\u0443 \u0438\u043d\u0444\u043e\u0440\u043c\u0430\u0446\u0438\u044e \u0432 \u0430\u0434\u043c\u0438\u043d\u043a\u0435'), NULL, 148),
(173, STRINGDECODE('\u0418\u0437\u043c\u0435\u043d\u0438\u0442\u0435 \u044d\u0442\u0443 \u0438\u043d\u0444\u043e\u0440\u043c\u0430\u0446\u0438\u044e \u0432 \u0430\u0434\u043c\u0438\u043d\u043a\u0435'), NULL, 149),
(174, STRINGDECODE('\u0418\u0437\u043c\u0435\u043d\u0438\u0442\u0435 \u044d\u0442\u0443 \u0438\u043d\u0444\u043e\u0440\u043c\u0430\u0446\u0438\u044e \u0432 \u0430\u0434\u043c\u0438\u043d\u043a\u0435'), NULL, 151),
(175, STRINGDECODE('\u0418\u0437\u043c\u0435\u043d\u0438\u0442\u0435 \u044d\u0442\u0443 \u0438\u043d\u0444\u043e\u0440\u043c\u0430\u0446\u0438\u044e \u0432 \u0430\u0434\u043c\u0438\u043d\u043a\u0435'), NULL, 153),
(176, 'Admin mode', NULL, 154),
(177, STRINGDECODE('\u0414\u043e\u0431\u0440\u043e \u043f\u043e\u0436\u0430\u043b\u043e\u0432\u0430\u0442\u044c! \n\u0412\u044b \u043d\u0430\u0445\u043e\u0434\u0438\u0442\u0435\u0441\u044c \u0432 \u0433\u043b\u0430\u0432\u043d\u043e\u043c \u043c\u0435\u043d\u044e.\n\u0418\u0441\u043f\u043e\u043b\u044c\u0437\u0443\u0439\u0442\u0435 \u043a\u043d\u043e\u043f\u043a\u0438 \u0434\u043b\u044f \u0432\u0437\u0430\u0438\u043c\u043e\u0434\u0435\u0439\u0441\u0442\u0432\u0438\u044f \u0441 \u0431\u043e\u0442\u043e\u043c.'), NULL, 155),
(178, 'Admin mode', NULL, 156),
(179, STRINGDECODE('\u0410\u043f\u043f\u0430\u0440\u0430\u0442 \u0430\u043a\u0438\u043c\u0430 \u0440\u0430\u0439\u043e\u043d\u0430 \u00ab\u0421\u0430\u0440\u044b\u0430\u0440\u043a\u0430\u00bb \u0433\u043e\u0440\u043e\u0434\u0430 \u0410\u0441\u0442\u0430\u043d\u044b (\u0434\u0430\u043b\u0435\u0435 \u2013 \u0430\u043f\u043f\u0430\u0440\u0430\u0442) \u044f\u0432\u043b\u044f\u0435\u0442\u0441\u044f \u0433\u043e\u0441\u0443\u0434\u0430\u0440\u0441\u0442\u0432\u0435\u043d\u043d\u044b\u043c \u0443\u0447\u0440\u0435\u0436\u0434\u0435\u043d\u0438\u0435\u043c, \u0441\u043e\u0434\u0435\u0440\u0436\u0430\u0449\u0438\u043c\u0441\u044f \u0437\u0430 \u0441\u0447\u0435\u0442 \u043c\u0435\u0441\u0442\u043d\u043e\u0433\u043e \u0431\u044e\u0434\u0436\u0435\u0442\u0430, \u043d\u0430 \u0442\u0435\u0440\u0440\u0438\u0442\u043e\u0440\u0438\u0438 \u0430\u0434\u043c\u0438\u043d\u0438\u0441\u0442\u0440\u0430\u0442\u0438\u0432\u043d\u043e-\u0442\u0435\u0440\u0440\u0438\u0442\u043e\u0440\u0438\u0430\u043b\u044c\u043d\u043e\u0439 \u0435\u0434\u0438\u043d\u0438\u0446\u044b.\n\u041e\u0441\u043d\u043e\u0432\u043d\u043e\u0439 \u0446\u0435\u043b\u044c\u044e \u0434\u0435\u044f\u0442\u0435\u043b\u044c\u043d\u043e\u0441\u0442\u0438 \u0430\u043f\u043f\u0430\u0440\u0430\u0442\u0430 \u044f\u0432\u043b\u044f\u0435\u0442\u0441\u044f \u043f\u0440\u043e\u0432\u0435\u0434\u0435\u043d\u0438\u0435 \u043e\u0431\u0449\u0435\u0433\u043e\u0441\u0443\u0434\u0430\u0440\u0441\u0442\u0432\u0435\u043d\u043d\u043e\u0439 \u043f\u043e\u043b\u0438\u0442\u0438\u043a\u0438 \u0438\u0441\u043f\u043e\u043b\u043d\u0438\u0442\u0435\u043b\u044c\u043d\u043e\u0439 \u0432\u043b\u0430\u0441\u0442\u0438 \u0432 \u0441\u043e\u0447\u0435\u0442\u0430\u043d\u0438\u0438 \u0441 \u0438\u043d\u0442\u0435\u0440\u0435\u0441\u0430\u043c\u0438 \u0438 \u043f\u043e\u0442\u0440\u0435\u0431\u043d\u043e\u0441\u0442\u044f\u043c\u0438 \u0440\u0430\u0437\u0432\u0438\u0442\u0438\u044f \u0442\u0435\u0440\u0440\u0438\u0442\u043e\u0440\u0438\u0438 \u0440\u0430\u0439\u043e\u043d\u0430 \u00ab\u0421\u0430\u0440\u044b\u0430\u0440\u043a\u0430\u00bb \u0433\u043e\u0440\u043e\u0434\u0430 \u0410\u0441\u0442\u0430\u043d\u044b. \n\u041f\u0440\u0438\u043e\u0440\u0438\u0442\u0435\u0442\u043d\u044b\u043c\u0438 \u043d\u0430\u043f\u0440\u0430\u0432\u043b\u0435\u043d\u0438\u044f\u043c\u0438 \u0434\u0435\u044f\u0442\u0435\u043b\u044c\u043d\u043e\u0441\u0442\u0438 \u0430\u043f\u043f\u0430\u0440\u0430\u0442\u0430 \u044f\u0432\u043b\u044f\u044e\u0442\u0441\u044f:  \u0440\u0430\u0441\u0441\u043c\u043e\u0442\u0440\u0435\u043d\u0438\u0435 \u043e\u0431\u0440\u0430\u0449\u0435\u043d\u0438\u0439, \u0437\u0430\u044f\u0432\u043b\u0435\u043d\u0438\u0439, \u0436\u0430\u043b\u043e\u0431 \u0433\u0440\u0430\u0436\u0434\u0430\u043d, \u043f\u0440\u0438\u043d\u044f\u0442\u0438\u0435 \u043c\u0435\u0440 \u043f\u043e \u0437\u0430\u0449\u0438\u0442\u0435 \u043f\u0440\u0430\u0432 \u0438 \u0441\u0432\u043e\u0431\u043e\u0434 \u0433\u0440\u0430\u0436\u0434\u0430\u043d, \u0441\u043e\u0434\u0435\u0439\u0441\u0442\u0432\u0438\u0435 \u0441\u0431\u043e\u0440\u0443 \u043d\u0430\u043b\u043e\u0433\u043e\u0432 \u0438 \u0434\u0440\u0443\u0433\u0438\u0445 \u043e\u0431\u044f\u0437\u0430\u0442\u0435\u043b\u044c\u043d\u044b\u0445 \u043f\u043b\u0430\u0442\u0435\u0436\u0435\u0439 \u0432 \u0431\u044e\u0434\u0436\u0435\u0442, \u0432 \u0441\u043e\u043e\u0442\u0432\u0435\u0442\u0441\u0442\u0432\u0438\u0438 \u0441 \u0437\u0430\u043a\u043e\u043d\u043e\u0434\u0430\u0442\u0435\u043b\u044c\u0441\u0442\u0432\u043e\u043c \u0440\u0430\u0437\u0440\u0430\u0431\u043e\u0442\u043a\u0430 \u0438 \u0432\u043d\u0435\u0441\u0435\u043d\u0438\u0435 \u0432 \u0432\u044b\u0448\u0435\u0441\u0442\u043e\u044f\u0449\u0438\u0439 \u0430\u043a\u0438\u043c\u0430\u0442 \u0434\u043b\u044f \u0443\u0442\u0432\u0435\u0440\u0436\u0434\u0435\u043d\u0438\u044f \u0441\u043e\u043e\u0442\u0432\u0435\u0442\u0441\u0442\u0432\u0443\u044e\u0449\u0438\u043c \u043c\u0430\u0441\u043b\u0438\u0445\u0430\u0442\u043e\u043c \u0431\u044e\u0434\u0436\u0435\u0442\u043d\u044b\u0445 \u043f\u0440\u043e\u0433\u0440\u0430\u043c\u043c, \u0430\u0434\u043c\u0438\u043d\u0438\u0441\u0442\u0440\u0430\u0442\u043e\u0440\u043e\u043c \u043a\u043e\u0442\u043e\u0440\u044b\u0445 \u0432\u044b\u0441\u0442\u0443\u043f\u0430\u0435\u0442 \u0430\u043f\u043f\u0430\u0440\u0430\u0442.\n\u0421\u043e\u0434\u0435\u0439\u0441\u0442\u0432\u0438\u0435 \u0438\u0441\u043f\u043e\u043b\u043d\u0435\u043d\u0438\u044e \u0433\u0440\u0430\u0436\u0434\u0430\u043d\u0430\u043c\u0438 \u0438 \u044e\u0440\u0438\u0434\u0438\u0447\u0435\u0441\u043a\u0438\u043c\u0438 \u043b\u0438\u0446\u0430\u043c\u0438 \u043d\u043e\u0440\u043c \u041a\u043e\u043d\u0441\u0442\u0438\u0442\u0443\u0446\u0438\u0438 \u0420\u0435\u0441\u043f\u0443\u0431\u043b\u0438\u043a\u0438 \u041a\u0430\u0437\u0430\u0445\u0441\u0442\u0430\u043d, \u0437\u0430\u043a\u043e\u043d\u043e\u0432, \u0430\u043a\u0442\u043e\u0432 \u041f\u0440\u0435\u0437\u0438\u0434\u0435\u043d\u0442\u0430 \u0438 \u041f\u0440\u0430\u0432\u0438\u0442\u0435\u043b\u044c\u0441\u0442\u0432\u0430 \u0420\u0435\u0441\u043f\u0443\u0431\u043b\u0438\u043a\u0438 \u041a\u0430\u0437\u0430\u0445\u0441\u0442\u0430\u043d, \u043d\u043e\u0440\u043c\u0430\u0442\u0438\u0432\u043d\u044b\u0445 \u043f\u0440\u0430\u0432\u043e\u0432\u044b\u0445 \u0430\u043a\u0442\u043e\u0432 \u0446\u0435\u043d\u0442\u0440\u0430\u043b\u044c\u043d\u044b\u0445 \u0438 \u043c\u0435\u0441\u0442\u043d\u044b\u0445 \u0433\u043e\u0441\u0443\u0434\u0430\u0440\u0441\u0442\u0432\u0435\u043d\u043d\u044b\u0445 \u043e\u0440\u0433\u0430\u043d\u043e\u0432, \u0440\u0430\u0437\u0432\u0438\u0442\u0438\u044e \u043f\u0440\u0435\u0434\u043f\u0440\u0438\u043d\u0438\u043c\u0430\u0442\u0435\u043b\u044c\u0441\u043a\u043e\u0439 \u0434\u0435\u044f\u0442\u0435\u043b\u044c\u043d\u043e\u0441\u0442\u0438, \u0432 \u043f\u0440\u0435\u0434\u0435\u043b\u0430\u0445 \u0441\u0432\u043e\u0435\u0439 \u043a\u043e\u043c\u043f\u0435\u0442\u0435\u043d\u0446\u0438\u0438.\n\u041e\u0440\u0433\u0430\u043d\u0438\u0437\u0430\u0446\u0438\u044f \u0438 \u043e\u0431\u0435\u0441\u043f\u0435\u0447\u0435\u043d\u0438\u0435 \u0438\u0441\u043f\u043e\u043b\u043d\u0435\u043d\u0438\u044f \u0437\u0430\u043a\u043e\u043d\u043e\u0434\u0430\u0442\u0435\u043b\u044c\u0441\u0442\u0432\u0430 \u043f\u043e \u0432\u043e\u043f\u0440\u043e\u0441\u0430\u043c \u043e \u0432\u0441\u0435\u043e\u0431\u0449\u0435\u0439 \u0432\u043e\u0438\u043d\u0441\u043a\u043e\u0439 \u043e\u0431\u044f\u0437\u0430\u043d\u043d\u043e\u0441\u0442\u0438 \u0438 \u0432\u043e\u0435\u043d\u043d\u043e\u0439 \u0441\u043b\u0443\u0436\u0431\u044b, \u0433\u0440\u0430\u0436\u0434\u0430\u043d\u0441\u043a\u043e\u0439 \u043e\u0431\u043e\u0440\u043e\u043d\u044b, \u0430 \u0442\u0430\u043a\u0436\u0435 \u043c\u043e\u0431\u0438\u043b\u0438\u0437\u0430\u0446\u0438\u043e\u043d\u043d\u043e\u0439 \u043f\u043e\u0434\u0433\u043e\u0442\u043e\u0432\u043a\u0438 \u0438 \u043c\u043e\u0431\u0438\u043b\u0438\u0437\u0430\u0446\u0438\u0438.\n\u041e\u0440\u0433\u0430\u043d\u0438\u0437\u0430\u0446\u0438\u044f \u0440\u0430\u0431\u043e\u0442 \u043f\u043e \u0441\u043e\u0445\u0440\u0430\u043d\u0435\u043d\u0438\u044e \u0438\u0441\u0442\u043e\u0440\u0438\u0447\u0435\u0441\u043a\u043e\u0433\u043e \u0438 \u043a\u0443\u043b\u044c\u0442\u0443\u0440\u043d\u043e\u0433\u043e \u043d\u0430\u0441\u043b\u0435\u0434\u0438\u044f. \u0412\u044b\u044f\u0432\u043b\u0435\u043d\u0438\u0435 \u043c\u0430\u043b\u043e\u043e\u0431\u0435\u0441\u043f\u0435\u0447\u0435\u043d\u043d\u044b\u0445 \u043b\u0438\u0446. \u0412\u043d\u0435\u0441\u0435\u043d\u0438\u0435 \u0432 \u0432\u044b\u0448\u0435\u0441\u0442\u043e\u044f\u0449\u0438\u0435 \u043e\u0440\u0433\u0430\u043d\u044b \u043f\u0440\u0435\u0434\u043b\u043e\u0436\u0435\u043d\u0438\u0439 \u043f\u043e \u043e\u0431\u0435\u0441\u043f\u0435\u0447\u0435\u043d\u0438\u044e \u0437\u0430\u043d\u044f\u0442\u043e\u0441\u0442\u0438, \u043e\u043a\u0430\u0437\u0430\u043d\u0438\u044e \u0430\u0434\u0440\u0435\u0441\u043d\u043e\u0439 \u0441\u043e\u0446\u0438\u0430\u043b\u044c\u043d\u043e\u0439 \u043f\u043e\u043c\u043e\u0449\u0438, \u043e\u0440\u0433\u0430\u043d\u0438\u0437\u0430\u0446\u0438\u044f \u043e\u0431\u0441\u043b\u0443\u0436\u0438\u0432\u0430\u043d\u0438\u044f \u043e\u0434\u0438\u043d\u043e\u043a\u0438\u0445 \u043f\u0440\u0435\u0441\u0442\u0430\u0440\u0435\u043b\u044b\u0445 \u0438 \u043d\u0435\u0442\u0440\u0443\u0434\u043e\u0441\u043f\u043e\u0441\u043e\u0431\u043d\u044b\u0445 \u0433\u0440\u0430\u0436\u0434\u0430\u043d \u043d\u0430 \u0434\u043e\u043c\u0443.\n\u0421\u043e\u0434\u0435\u0439\u0441\u0442\u0432\u0438\u0435 \u0440\u0430\u0437\u0432\u0438\u0442\u0438\u044e \u043c\u0435\u0441\u0442\u043d\u043e\u0439 \u0441\u043e\u0446\u0438\u0430\u043b\u044c\u043d\u043e\u0439 \u0438\u043d\u0444\u0440\u0430\u0441\u0442\u0440\u0443\u043a\u0442\u0443\u0440\u044b, \u0432\u0437\u0430\u0438\u043c\u043e\u0434\u0435\u0439\u0441\u0442\u0432\u0438\u0435 \u0441 \u043e\u0440\u0433\u0430\u043d\u0430\u043c\u0438 \u043c\u0435\u0441\u0442\u043d\u043e\u0433\u043e \u0441\u0430\u043c\u043e\u0443\u043f\u0440\u0430\u0432\u043b\u0435\u043d\u0438\u044f, \u043f\u0440\u0438\u043d\u044f\u0442\u0438\u0435 \u0443\u0447\u0430\u0441\u0442\u0438\u044f \u0432 \u0440\u0430\u0431\u043e\u0442\u0435 \u0441\u0435\u0441\u0441\u0438\u0439 \u043c\u0430\u0441\u043b\u0438\u0445\u0430\u0442\u0430 \u0433\u043e\u0440\u043e\u0434\u0430, \u043f\u0440\u0438 \u0443\u0442\u0432\u0435\u0440\u0436\u0434\u0435\u043d\u0438\u0438 (\u0443\u0442\u043e\u0447\u043d\u0435\u043d\u0438\u0438) \u043c\u0435\u0441\u0442\u043d\u043e\u0433\u043e \u0431\u044e\u0434\u0436\u0435\u0442\u0430. \u041f\u043e\u0434\u0434\u0435\u0440\u0436\u043a\u0430 \u0438 \u043e\u043a\u0430\u0437\u0430\u043d\u0438\u0435 \u0441\u043e\u0434\u0435\u0439\u0441\u0442\u0432\u0438\u044f \u0432 \u043c\u0430\u0442\u0435\u0440\u0438\u0430\u043b\u044c\u043d\u043e-\u0442\u0435\u0445\u043d\u0438\u0447\u0435\u0441\u043a\u043e\u043c \u043e\u0431\u0435\u0441\u043f\u0435\u0447\u0435\u043d\u0438\u0438 \u0434\u043e\u0448\u043a\u043e\u043b\u044c\u043d\u044b\u0445 \u043e\u0440\u0433\u0430\u043d\u0438\u0437\u0430\u0446\u0438\u0439, \u0443\u0447\u0440\u0435\u0436\u0434\u0435\u043d\u0438\u0439 \u043a\u0443\u043b\u044c\u0442\u0443\u0440\u044b, \u043e\u0440\u0433\u0430\u043d\u0438\u0437\u0430\u0446\u0438\u044f \u0440\u0430\u0431\u043e\u0442 \u043f\u043e \u0431\u043b\u0430\u0433\u043e\u0443\u0441\u0442\u0440\u043e\u0439\u0441\u0442\u0432\u0443, \u043e\u0441\u0432\u0435\u0449\u0435\u043d\u0438\u044e, \u043e\u0437\u0435\u043b\u0435\u043d\u0435\u043d\u0438\u044e \u0438 \u0441\u0430\u043d\u0438\u0442\u0430\u0440\u043d\u043e\u0439 \u043e\u0447\u0438\u0441\u0442\u043a\u0435 \u043d\u0430\u0441\u0435\u043b\u0435\u043d\u043d\u044b\u0445 \u043f\u0443\u043d\u043a\u0442\u043e\u0432, \u043e\u0440\u0433\u0430\u043d\u0438\u0437\u0430\u0446\u0438\u044f \u043f\u043e\u0433\u0440\u0435\u0431\u0435\u043d\u0438\u044f \u0431\u0435\u0437\u0440\u043e\u0434\u043d\u044b\u0445 \u0438 \u043e\u0431\u0449\u0435\u0441\u0442\u0432\u0435\u043d\u043d\u044b\u0445 \u0440\u0430\u0431\u043e\u0442 \u043f\u043e \u0441\u043e\u0434\u0435\u0440\u0436\u0430\u043d\u0438\u044e \u0432 \u043d\u0430\u0434\u043b\u0435\u0436\u0430\u0449\u0435\u043c \u0441\u043e\u0441\u0442\u043e\u044f\u043d\u0438\u0438 \u043a\u043b\u0430\u0434\u0431\u0438\u0449 \u0438 \u0438\u043d\u044b\u0445 \u043c\u0435\u0441\u0442 \u0437\u0430\u0445\u043e\u0440\u043e\u043d\u0435\u043d\u0438\u044f.'), NULL, 0);       
INSERT INTO PUBLIC.MESSAGE(ID, TEXT, PHOTO, KEYBOARD_ID) VALUES
(180, STRINGDECODE('\u0418\u0437\u043c\u0435\u043d\u0438\u0442\u0435 \u044d\u0442\u0443 \u0438\u043d\u0444\u043e\u0440\u043c\u0430\u0446\u0438\u044e \u0432 \u0430\u0434\u043c\u0438\u043d\u043a\u0435'), NULL, 0),
(181, STRINGDECODE('\u0418\u0437\u043c\u0435\u043d\u0438\u0442\u0435 \u044d\u0442\u0443 \u0438\u043d\u0444\u043e\u0440\u043c\u0430\u0446\u0438\u044e \u0432 \u0430\u0434\u043c\u0438\u043d\u043a\u0435'), NULL, 0),
(182, STRINGDECODE('\u0418\u0437\u043c\u0435\u043d\u0438\u0442\u0435 \u044d\u0442\u0443 \u0438\u043d\u0444\u043e\u0440\u043c\u0430\u0446\u0438\u044e \u0432 \u0430\u0434\u043c\u0438\u043d\u043a\u0435'), NULL, 0),
(183, STRINGDECODE('\u0414\u043b\u044f \u043e\u0442\u043a\u0440\u044b\u0442\u044c\u044f \u0433\u0443\u0433\u043b \u0434\u0438\u0441\u043a\u0430 \u043d\u0430\u0436\u043c\u0438\u0442\u0435 \u0441\u044e\u0434\u0430'), NULL, 157),
(184, STRINGDECODE('\u0414\u043b\u044f \u0443\u0441\u0442\u0440\u0430\u043d\u0435\u043d\u0438\u0435 \u043a\u0440\u0443\u043f\u043d\u044b\u0445 \u0430\u0432\u0430\u0440\u0438\u0439\u043d\u044b\u0445 \u0441\u0438\u0442\u0443\u0430\u0446\u0438\u0439 \u0442\u0440\u0435\u0431\u0443\u0435\u0442\u0441\u044f \u0434\u043e\u043f\u043e\u043b\u043d\u0438\u0442\u0435\u043b\u044c\u043d\u043e\u0435 \u0432\u0440\u0435\u043c\u044f. \u0421\u0440\u043e\u043a \u0438\u0441\u043f\u043e\u043b\u043d\u0435\u043d\u0438\u044f \u043c\u043e\u0436\u043d\u043e \u0443\u0442\u043e\u0447\u043d\u0438\u0442\u044c \u0443 \u0438\u0441\u043f\u043e\u043b\u043d\u0438\u0442\u0435\u043b\u044f.'), NULL, 0),
(185, STRINGDECODE('\u041d\u0430\u0436\u0430\u0442\u0430 \u043a\u043d\u043e\u043f\u043a\u0430 \u043d\u0430\u0437\u0430\u0434'), NULL, 0);               
CREATE CACHED TABLE PUBLIC.BOTS(
    ID INT DEFAULT (NEXT VALUE FOR PUBLIC.SYSTEM_SEQUENCE_1FCC4112_17DF_4F70_BB3A_85FF06976C0E) NOT NULL NULL_TO_DEFAULT SEQUENCE PUBLIC.SYSTEM_SEQUENCE_1FCC4112_17DF_4F70_BB3A_85FF06976C0E,
    NAME TEXT,
    TOKEN TEXT,
    OWNER_CHAT_ID BIGINT
);               
ALTER TABLE PUBLIC.BOTS ADD CONSTRAINT PUBLIC.CONSTRAINT_1 PRIMARY KEY(ID);   
-- 1 +/- SELECT COUNT(*) FROM PUBLIC.BOTS;    
INSERT INTO PUBLIC.BOTS(ID, NAME, TOKEN, OWNER_CHAT_ID) VALUES
(109, STRINGDECODE('\u0410\u043a\u0438\u043c\u0430\u0442 \u0441\u0430\u0440\u044b\u0430\u0440\u043a\u0430'), '295957927:AAHtCvP5Gcc1kNCmYpgc7yor646ebinnNiQ', 271036459);     
CREATE CACHED TABLE PUBLIC.VAR(
    ID INT DEFAULT (NEXT VALUE FOR PUBLIC.SYSTEM_SEQUENCE_99BD8E11_DE08_4577_9EFE_734F9843FCC6) NOT NULL NULL_TO_DEFAULT SEQUENCE PUBLIC.SYSTEM_SEQUENCE_99BD8E11_DE08_4577_9EFE_734F9843FCC6,
    KEY TEXT,
    VALUE TEXT
);            
ALTER TABLE PUBLIC.VAR ADD CONSTRAINT PUBLIC.CONSTRAINT_14 PRIMARY KEY(ID);   
-- 2 +/- SELECT COUNT(*) FROM PUBLIC.VAR;     
INSERT INTO PUBLIC.VAR(ID, KEY, VALUE) VALUES
(1, 'last_row_id', '9'),
(2, 'not_finished', STRINGDECODE('\u041d\u0435 \u0432\u044b\u043f\u043e\u043b\u043d\u0435\u043d\u043e'));            
CREATE CACHED TABLE PUBLIC.TICKET(
    ID INT DEFAULT (NEXT VALUE FOR PUBLIC.SYSTEM_SEQUENCE_9FAAA76B_EE9D_4609_A9CD_1C881E0AE613) NOT NULL NULL_TO_DEFAULT SEQUENCE PUBLIC.SYSTEM_SEQUENCE_9FAAA76B_EE9D_4609_A9CD_1C881E0AE613,
    CATEGORY TEXT,
    TEXT TEXT,
    PHOTO TEXT,
    EXECUTOR_IDS TEXT,
    GOOGLE_SHEET_ROW_ID INT,
    EXECUTED BOOLEAN
);       
ALTER TABLE PUBLIC.TICKET ADD CONSTRAINT PUBLIC.CONSTRAINT_9 PRIMARY KEY(ID); 
-- 8 +/- SELECT COUNT(*) FROM PUBLIC.TICKET;  
INSERT INTO PUBLIC.TICKET(ID, CATEGORY, TEXT, PHOTO, EXECUTOR_IDS, GOOGLE_SHEET_ROW_ID, EXECUTED) VALUES
(1, STRINGDECODE('\u0414\u043e\u0440\u043e\u0433\u0438'), STRINGDECODE('\u0415\u043d'), NULL, NULL, 0, FALSE),
(33, STRINGDECODE('\u0414\u043e\u0440\u043e\u0433\u0438'), 'fdsa', NULL, NULL, 0, FALSE),
(65, STRINGDECODE('\u0421\u043d\u043e\u0441 \u0430\u0432\u0430\u0440\u0438\u0439\u043d\u043e\u0433\u043e \u0432\u0435\u0442\u0445\u043e\u0433\u043e \u0436\u0438\u043b\u044c\u044f'), STRINGDECODE('\u041a\u043a\u043a'), NULL, '77752642898', 0, FALSE),
(97, STRINGDECODE('\u0416\u0430\u043b\u043e\u0431\u044b \u043d\u0430 \u041a\u0421\u041a'), STRINGDECODE('\u041d\u0435\u0430\u043f'), NULL, '3', 0, FALSE),
(129, STRINGDECODE('\u0412\u043e\u0434\u043e\u0441\u043d\u0430\u0431\u0436\u0435\u043d\u0438\u0435'), STRINGDECODE('\u0410\u043f\u043e\u0448'), NULL, '3', 0, FALSE),
(130, STRINGDECODE('\u0412\u043e\u0434\u043e\u0441\u043d\u0430\u0431\u0436\u0435\u043d\u0438\u0435'), STRINGDECODE('\u0420\u043c\u043f'), NULL, '3', 0, FALSE),
(161, STRINGDECODE('\u0412\u043e\u0434\u043e\u0441\u043d\u0430\u0431\u0436\u0435\u043d\u0438\u0435'), STRINGDECODE('\u0410\u0440\u043e'), NULL, STRINGDECODE('1\n2\n3\n4'), 0, FALSE),
(193, STRINGDECODE('\u0412\u043e\u0434\u043e\u0441\u043d\u0430\u0431\u0436\u0435\u043d\u0438\u0435'), 'fdsa', NULL, STRINGDECODE('1\n2\n3\n4'), 0, FALSE);        
CREATE CACHED TABLE PUBLIC.USER(
    ID INT NOT NULL,
    CHAT_ID BIGINT,
    USERNAME TEXT,
    PHONENUMBER TEXT,
    EXECUTOR BOOLEAN
);              
ALTER TABLE PUBLIC.USER ADD CONSTRAINT PUBLIC.CONSTRAINT_2 PRIMARY KEY(ID);   
-- 33 +/- SELECT COUNT(*) FROM PUBLIC.USER;   
INSERT INTO PUBLIC.USER(ID, CHAT_ID, USERNAME, PHONENUMBER, EXECUTOR) VALUES
(15, NULL, STRINGDECODE('\u0422\u043e\u043f\u0430\u0435\u0432 \u0411\u0430\u0445\u0442\u0438\u044f\u0440 \u0428\u0430\u0431\u0434\u0435\u043d\u043e\u0432\u0438\u0447'), '77026038319', FALSE),
(21, NULL, STRINGDECODE('\u0411\u0430\u0433\u0438\u0441\u043e\u0432 \u0416\u0430\u0441\u043b\u0430\u043d \u0410\u044f\u0437\u0431\u0438\u0435\u0432\u0438\u0447'), '77011397009', FALSE),
(31, NULL, STRINGDECODE('\u0422\u0430\u0441\u0431\u043e\u043b\u0430\u0442 \u041c\u0430\u043a\u0441\u0430\u0442 \u041f\u0438\u0440\u0430\u043b\u0438\u0435\u0432\u0438\u0447'), '77023831477', FALSE),
(32, NULL, STRINGDECODE('\u0422\u043e\u043f\u0430\u0442\u0430\u0435\u0432 \u0421\u0430\u043c\u0430\u0442 \u041c\u0443\u0445\u0430\u043c\u0435\u0434\u0433\u0430\u043b\u0438\u0435\u0432\u0438\u0447'), '77028188801', FALSE),
(33, NULL, STRINGDECODE('\u0416\u043e\u043b\u0434\u0430\u0441\u0431\u0430\u0435\u0432 \u0410\u0434\u0438\u043b\u044c\u0445\u0430\u043d \u041d\u0430\u0437\u044b\u043c\u0431\u0435\u043a\u043e\u0432\u0438\u0447'), '77014035825', FALSE),
(3, NULL, STRINGDECODE('\u0410\u0436\u0438\u043a\u0435\u043d\u043e\u0432 \u0410\u0440\u043c\u0430\u043d \u0411\u0430\u0443\u044b\u0440\u0436\u0430\u043d\u043e\u0432\u0438\u0447'), '77013124684', TRUE),
(8, NULL, STRINGDECODE('\u0422\u043e\u043b\u044b\u0431\u0430\u0435\u0432 \u0415\u0440\u0431\u043e\u043b \u0410\u043b\u0433\u0430\u0431\u0435\u043a\u043e\u0432\u0438\u0447'), '77012887977', TRUE),
(10, NULL, STRINGDECODE('\u0416\u0443\u043c\u0430\u0433\u0443\u043b\u043e\u0432 \u0415\u0440\u0436\u0430\u043d \u041a\u0435\u043b\u0435\u0441\u0431\u0430\u0435\u0432\u0438\u0447'), '77752642898', TRUE),
(12, NULL, STRINGDECODE('\u0418\u043c\u0430\u043d\u0433\u0430\u043b\u0438\u0435\u0432\u0430 \u0414\u0430\u043d\u0430\u0433\u0443\u043b\u044c \u0422\u0443\u043b\u0435\u0433\u0435\u043d\u043e\u0432\u043d\u0430'), '77759380691', TRUE),
(22, NULL, STRINGDECODE('\u041c\u0430\u0448\u0435\u043d\u043e\u0432 \u0410\u0437\u0430\u043c\u0430\u0442 \u0421\u0435\u0440\u0438\u043a\u043e\u0432\u0438\u0447'), '77783406080', TRUE),
(23, NULL, STRINGDECODE('\u0420\u0430\u0445\u0438\u043c\u043e\u0432\u0430 \u041b\u0438\u0437\u0430 \u041d\u044b\u0433\u043c\u0435\u0442\u043e\u0432\u043d\u0430'), '77079102283', TRUE),
(28, NULL, STRINGDECODE('\u0416\u0430\u043a\u0443\u043f\u043e\u0432 \u0415\u0440\u043b\u0430\u043d \u0421\u0430\u0433\u044b\u043d\u0434\u044b\u043a\u043e\u0432\u0438\u0447'), '77783545300', TRUE),
(1, 308095250, STRINGDECODE('\u0410\u0431\u0434\u0440\u0430\u0445\u043c\u0430\u043d\u043e\u0432\u0430 \u041a\u043e\u0440\u043b\u0430\u043d \u0422\u0435\u043c\u0438\u0440\u0442\u0430\u0441\u043e\u0432\u043d\u0430'), '77016028001', FALSE),
(2, NULL, STRINGDECODE('\u041c\u0430\u0440\u0447\u0435\u043d\u043a\u043e \u0410\u043d\u0434\u0440\u0435\u0439 \u0410\u043b\u0435\u043a\u0441\u0430\u043d\u0434\u0440\u043e\u0432\u0438\u0447'), '77010994888', FALSE),
(16, NULL, STRINGDECODE('\u0410\u043c\u0435\u0440\u0431\u0435\u043a\u043e\u0432\u0430 \u0411\u0430\u044f\u043d \u0410\u0445\u043c\u0435\u0434\u0438\u0435\u0432\u043d\u0430'), '77012725071', TRUE),
(17, NULL, STRINGDECODE('\u041c\u043e\u043b\u0434\u0430\u0445\u043c\u0435\u0442\u043e\u0432\u0430 \u0424\u0430\u0440\u0438\u0434\u0430 \u0421\u0430\u0433\u0438\u043d\u0430\u0435\u0432\u043d\u0430'), '77012323981', TRUE),
(18, NULL, STRINGDECODE('\u041d\u0443\u0440\u0436\u0430\u043d\u043e\u0432\u0430 \u0410\u0439\u043d\u0443\u0440 \u0421\u0430\u0443\u0430\u043d\u043e\u0432\u043d\u0430'), '77012423625', TRUE),
(19, NULL, STRINGDECODE('\u0422\u0443\u0441\u0443\u043f\u043f\u0430\u0435\u0432 \u0410\u0439\u0434\u043e\u0441 \u041c\u0443\u0440\u0430\u0442\u0431\u0435\u043a\u043e\u0432\u0438\u0447'), '77022363335', TRUE),
(20, NULL, STRINGDECODE('\u0420\u0430\u0438\u043c\u0431\u0435\u043a\u043e\u0432 \u0410\u043b\u0438\u043c\u0436\u0430\u043d \u0415\u0441\u0435\u043d\u0436\u043e\u043b\u043e\u0432\u0438\u0447'), '77759777039', TRUE),
(4, NULL, STRINGDECODE('\u041a\u043e\u0441\u0442\u0438\u0448\u0438\u043d \u0418\u0433\u043e\u0440\u044c \u041d\u0438\u043a\u043e\u043b\u0430\u0435\u0432\u0438\u0447 (\u0410\u0441\u0442\u0430\u043d\u0430 \u0421\u0443 \u0410\u0440\u043d\u0430\u0441\u044b)'), '77019968899', TRUE);        
INSERT INTO PUBLIC.USER(ID, CHAT_ID, USERNAME, PHONENUMBER, EXECUTOR) VALUES
(5, NULL, STRINGDECODE('\u0420\u0435\u0437\u0430\u0435\u0432 \u042e\u0440\u0438\u0439 \u0412\u0430\u043b\u0435\u0440\u044c\u0435\u0432\u0438\u0447 (\u0410\u0441\u0442\u0430\u043d\u0430 \u0421\u0443 \u0410\u0440\u043d\u0430\u0441\u044b)'), '77019968807', TRUE),
(6, NULL, STRINGDECODE('\u0421\u043c\u0430\u0433\u0443\u043b\u043e\u0432 \u041c\u0443\u0445\u0442\u0430\u0440 (\u0420\u042d\u0421)'), '77015141939', TRUE),
(7, NULL, STRINGDECODE('\u0410\u0431\u0434\u0440\u0430\u0445\u043c\u0430\u043d\u043e\u0432 \u0413\u0430\u0439\u043d\u0438\u0442\u0434\u0435\u043d \u0420\u0430\u0445\u0438\u043c\u0431\u0435\u0440\u0434\u0438\u0435\u0432\u0438\u0447 (\u0413\u0430\u0437\u041a\u044b\u0437\u043c\u0435\u0442)'), '77022656260', TRUE),
(9, NULL, STRINGDECODE('\u041a\u0430\u043b\u0438\u043a\u043e\u0432 \u0421\u0435\u0440\u0438\u043a \u041a\u0430\u0431\u0434\u0443\u043b\u0430\u0435\u0432\u0438\u0447 (\u0422\u0435\u043f\u043b\u043e\u0442\u0440\u0430\u043d\u0437\u0438\u0442)'), '77018665230', TRUE),
(11, NULL, STRINGDECODE('\u0415\u043b\u0435\u0443\u0436\u0430\u043d\u043e\u0432 \u0410\u0441\u0445\u0430\u0442 \u0425\u0430\u0431\u0437\u0430\u0442\u043e\u0432\u0438\u0447 (\u0423\u043f\u0440\u0430\u0432\u043b\u0435\u043d\u0438\u0435 \u0436\u0438\u043b\u0438\u0449\u043d\u043e\u0439 \u0438\u043d\u0441\u043f\u0435\u043a\u0446\u0438\u0438)'), '77077154090', TRUE),
(13, NULL, STRINGDECODE('\u041c\u0430\u0439\u0435\u0440 \u042e\u043b\u0438\u044f \u0410\u043b\u0435\u043a\u0441\u0430\u043d\u0434\u0440\u043e\u0432\u043d\u0430 (\u0414\u0435\u0440\u0430\u0440\u0442\u0430\u043c\u0435\u043d\u0442  \u043e\u043a\u0440\u0443\u0436\u0430\u044e\u0449\u0435\u0439 \u0441\u0440\u0435\u0434\u044b \u0438 \u0437\u0434\u0440\u0430\u0432\u043e\u043e\u0445\u0440\u0430\u043d\u0435\u043d\u0438\u044f \u043d\u0430\u0441\u0435\u043b\u0435\u043d\u0438\u044f)'), '77475539197', TRUE),
(14, NULL, STRINGDECODE('\u0428\u0430\u0442\u0430\u0435\u0432\u0430 \u041d\u0430\u0433\u0438\u043c\u0430 \u0422\u0443\u0441\u0435\u043d\u043e\u0432\u043d\u0430 (\u0414\u0435\u0440\u0430\u0440\u0442\u0430\u043c\u0435\u043d\u0442 \u043e\u043a\u0440\u0443\u0436\u0430\u044e\u0449\u0435\u0439 \u0441\u0440\u0435\u0434\u044b \u0438 \u0437\u0434\u0440\u0430\u0432\u043e\u043e\u0445\u0440\u0430\u043d\u0435\u043d\u0438\u044f \u043d\u0430\u0441\u0435\u043b\u0435\u043d\u0438\u044f)'), '77015506068', TRUE),
(24, NULL, STRINGDECODE('\u0421\u0443\u043b\u0435\u0439\u043c\u0430\u043d\u043e\u0432\u0430 \u041b\u0438\u043d\u0430 \u0410\u0439\u0432\u0430\u043f\u043e\u0432\u043d\u0430 (\u0417\u0435\u043b\u0435\u043d\u043e\u0441\u0442\u0440\u043e\u0439)'), '77075134783', TRUE),
(25, NULL, STRINGDECODE('\u041a\u0430\u043c\u044b\u0448\u0430\u043d\u0441\u043a\u0438\u0439 \u0410\u043b\u0435\u043a\u0441\u0430\u043d\u0434\u0440 \u0410\u043b\u0435\u043a\u0441\u0430\u043d\u0434\u0440\u043e\u0432\u0438\u0447  (\u0411\u043b\u043e\u043a\u0421\u0435\u0440\u0432\u0438\u0441)'), '77012703906', TRUE),
(26, NULL, STRINGDECODE('\u041c\u043e\u0440\u043e\u0437\u043e\u0432 \u0414\u0435\u043d\u0438\u0441 \u0412\u0430\u043b\u0435\u0440\u044c\u0435\u0432\u0438\u0447  (\u0411\u0438\u041f)'), '77075120011', TRUE),
(27, NULL, STRINGDECODE('\u0416\u0430\u0445\u0430\u043d\u043e\u0432 \u041a\u0435\u043d\u0434\u044b\u0431\u0430\u0439  (\u0417\u0435\u043b\u0435\u043d\u043e\u0441\u0442\u0440\u043e\u0439)'), '77015149136', TRUE),
(29, NULL, STRINGDECODE('\u0422\u0443\u0440\u0441\u044b\u043a\u0431\u0430\u0435\u0432 \u0410\u0434\u0438\u043b\u044c\u0436\u0430\u043d  (\u0413\u043e\u0440\u0421\u0432\u0435\u0442)'), '77073253244', TRUE),
(30, NULL, STRINGDECODE('\u0413\u0430\u0434\u0438\u0437\u0430\u0435\u0432 \u0428\u0430\u043c\u0438\u043b\u044c \u0421\u0443\u043b\u0435\u0439\u043c\u0430\u043d\u043e\u0432\u0438\u0447'), '77019000836', TRUE);        
